species,lat,lon,bio1,bio2,bio3,bio4,bio5,bio6,bio7,bio8,bio9,bio10,bio11,bio12,bio13,bio14,bio15,bio16,bio17,bio18,bio19
Gymnosporia_rothiana,10.3488,76.8952,21.350000000000023,7.6000000000000005,0.553000020980835,106.80000000000001,29.150000000000034,15.350000000000023,13.8,20.55000000000001,21.250000000000057,23.05000000000001,20.450000000000045,3748.9,715.4000000000001,30.5,68.8,1811.4,139.3,725.2,1541.0
Gymnosporia_rothiana,12.1726,75.6475,23.55000000000001,8.8,0.5889999866485596,93.60000000000001,31.850000000000023,16.950000000000045,14.9,22.750000000000057,23.250000000000057,25.05000000000001,22.650000000000034,4708.7,1347.1000000000001,5.5,110.60000000000001,3258.7000000000003,42.2,498.20000000000005,2634.5
Gymnosporia_rothiana,12.1785,76.7246,24.650000000000034,10.100000000000001,0.5630000114440918,171.60000000000002,34.25000000000006,16.350000000000023,17.900000000000002,23.850000000000023,23.650000000000034,27.350000000000023,22.850000000000023,752.2,159.20000000000002,2.6,72.2,337.40000000000003,23.0,187.60000000000002,73.5
Gymnosporia_rothiana,12.8901,75.7093,22.05000000000001,9.3,0.5539999961853027,123.9,31.650000000000034,14.850000000000023,16.8,20.950000000000045,21.750000000000057,23.950000000000045,20.850000000000023,3259.3,944.7,3.0,107.2,2176.1,22.6,365.5,1885.0
Gymnosporia_rothiana,12.9837,76.1698,22.350000000000023,9.3,0.5289999961853028,169.3,31.750000000000057,14.150000000000034,17.6,21.750000000000057,21.150000000000034,25.05000000000001,20.55000000000001,798.4000000000001,156.4,2.4000000000000004,74.9,352.5,14.200000000000001,163.0,60.300000000000004
Gymnosporia_rothiana,13.335,75.734,20.950000000000045,9.200000000000001,0.5300000190734864,156.5,30.450000000000045,13.150000000000034,17.3,20.150000000000034,19.950000000000045,23.450000000000045,19.450000000000045,1629.5,401.6,3.1,89.10000000000001,919.7,22.0,235.5,98.5
Gymnosporia_rothiana,14.2739,74.7489,24.05000000000001,8.5,0.5699999809265137,122.2,33.05000000000001,18.150000000000034,14.9,22.650000000000034,23.950000000000045,25.850000000000023,22.55000000000001,5043.900000000001,1683.7,1.7000000000000002,132.70000000000002,3996.6000000000004,16.2,236.8,3403.9
Gymnosporia_rothiana,14.2765,74.726,24.05000000000001,8.5,0.5750000000000001,121.0,32.950000000000045,18.250000000000057,14.700000000000001,22.750000000000057,23.950000000000045,25.850000000000023,22.650000000000034,5225.900000000001,1742.4,1.7000000000000002,132.70000000000002,4140.900000000001,16.5,244.0,3522.0
Gymnosporia_rothiana,14.725,74.3083,26.750000000000057,5.7,0.596999979019165,90.7,31.450000000000045,21.950000000000045,9.5,25.950000000000045,26.350000000000023,27.850000000000023,25.750000000000057,3963.0,1218.4,0.4,132.0,3150.3,9.600000000000001,166.8,2457.2000000000003
Gymnosporia_rothiana,14.725,74.4167,25.850000000000023,8.0,0.603000020980835,101.30000000000001,32.85000000000002,19.55000000000001,13.3,25.05000000000001,25.350000000000023,27.350000000000023,24.850000000000023,4098.2,1274.8000000000002,0.8,130.5,3228.3,10.9,185.4,2586.0
Gymnosporia_rothiana,14.9266,74.3545,25.950000000000045,8.3,0.6119999885559082,96.30000000000001,32.950000000000045,19.450000000000045,13.5,25.250000000000057,25.150000000000034,27.250000000000057,25.150000000000034,3351.4,1050.0,0.7000000000000001,130.3,2638.0,9.4,150.5,2117.3
Gymnosporia_rothiana,14.9354,74.3585,24.650000000000034,8.4,0.5719999790191651,116.7,32.450000000000045,17.850000000000023,14.600000000000001,23.950000000000045,23.650000000000034,26.450000000000045,23.650000000000034,3470.2000000000003,1089.4,0.8,130.3,2731.3,9.700000000000001,157.60000000000002,9.700000000000001
Gymnosporia_rothiana,14.9497,74.2952,26.150000000000034,8.1,0.6300000190734864,91.9,32.650000000000034,19.750000000000057,12.9,25.55000000000001,25.350000000000023,27.350000000000023,25.350000000000023,4037.7000000000003,1272.6000000000001,0.7000000000000001,132.1,3213.3,10.4,168.9,2556.4
Gymnosporia_rothiana,14.9511,74.37,24.250000000000057,8.4,0.5630000114440918,123.4,32.35000000000002,17.350000000000023,15.0,23.55000000000001,23.150000000000034,26.150000000000034,23.150000000000034,3637.2000000000003,1144.6000000000001,0.8,130.3,2861.5,10.0,167.4,10.0
Gymnosporia_rothiana,14.9536,74.3183,26.05000000000001,8.3,0.6260000228881837,92.80000000000001,32.85000000000002,19.55000000000001,13.3,25.450000000000045,25.250000000000057,27.250000000000057,25.250000000000057,3795.4,1196.9,0.7000000000000001,131.5,3009.7000000000003,10.0,163.3,2406.9
Gymnosporia_rothiana,14.9607,74.3722,24.05000000000001,8.5,0.5619999885559083,125.80000000000001,32.25000000000006,17.150000000000034,15.100000000000001,23.450000000000045,22.950000000000045,26.05000000000001,22.950000000000045,3697.7000000000003,1164.4,0.8,130.3,2908.7000000000003,10.3,170.20000000000002,10.3
Gymnosporia_rothiana,14.9714,74.3198,25.850000000000023,8.5,0.621999979019165,96.60000000000001,32.85000000000002,19.250000000000057,13.600000000000001,25.150000000000034,24.950000000000045,27.150000000000034,24.950000000000045,3904.7000000000003,1234.2,0.8,131.6,3097.7000000000003,10.3,167.8,10.3
Gymnosporia_rothiana,14.9851,74.3726,23.450000000000045,8.6,0.5449999809265137,138.70000000000002,32.05000000000001,16.250000000000057,15.8,22.750000000000057,22.150000000000034,25.55000000000001,22.150000000000034,3773.5,1189.0,0.9,130.0,2963.1000000000004,10.8,173.8,10.8
Gymnosporia_rothiana,14.9946,74.3605,23.450000000000045,8.6,0.5460000038146973,135.8,32.05000000000001,16.250000000000057,15.8,22.850000000000023,22.250000000000057,25.55000000000001,22.250000000000057,3861.4,1218.4,0.9,130.20000000000002,3036.6000000000004,10.9,175.70000000000002,10.9
Gymnosporia_rothiana,15.0031,74.3972,23.750000000000057,8.6,0.5480000019073487,130.4,32.35000000000002,16.750000000000057,15.600000000000001,23.05000000000001,22.55000000000001,25.750000000000057,22.55000000000001,3447.3,1079.9,0.9,128.5,2680.9,11.0,164.8,11.0
Gymnosporia_rothiana,15.0067,74.3834,23.750000000000057,8.6,0.553000020980835,130.4,32.25000000000006,16.750000000000057,15.5,23.05000000000001,22.55000000000001,25.750000000000057,22.55000000000001,3561.3,1117.4,0.9,128.9,2776.2000000000003,11.100000000000001,168.10000000000002,11.100000000000001
Gymnosporia_rothiana,15.0068,74.3886,23.750000000000057,8.6,0.553000020980835,130.4,32.25000000000006,16.750000000000057,15.5,23.05000000000001,22.55000000000001,25.750000000000057,22.55000000000001,3561.3,1117.4,0.9,128.9,2776.2000000000003,11.100000000000001,168.10000000000002,11.100000000000001
Gymnosporia_rothiana,15.0111,74.3572,23.750000000000057,8.700000000000001,0.5550000190734864,128.5,32.25000000000006,16.55000000000001,15.700000000000001,23.05000000000001,22.55000000000001,25.750000000000057,22.55000000000001,3980.2000000000003,1256.5,0.9,130.20000000000002,3129.7000000000003,11.5,178.70000000000002,11.5
Gymnosporia_rothiana,15.0122,74.3953,23.750000000000057,8.6,0.55,130.4,32.35000000000002,16.750000000000057,15.600000000000001,23.05000000000001,22.55000000000001,25.750000000000057,22.55000000000001,3431.0,1074.3,1.0,128.3,2664.9,11.200000000000001,164.10000000000002,11.200000000000001
Gymnosporia_rothiana,15.0129,74.389,23.650000000000034,8.6,0.55,130.4,32.25000000000006,16.650000000000034,15.600000000000001,22.950000000000045,22.450000000000045,25.650000000000034,22.450000000000045,3545.6000000000004,1111.9,1.0,128.70000000000002,2760.4,11.3,167.3,11.3
Gymnosporia_rothiana,15.0144,74.3912,23.650000000000034,8.6,0.55,130.4,32.25000000000006,16.650000000000034,15.600000000000001,22.950000000000045,22.450000000000045,25.650000000000034,22.450000000000045,3545.6000000000004,1111.9,1.0,128.70000000000002,2760.4,11.3,167.3,11.3
Gymnosporia_rothiana,15.0233,74.4273,23.850000000000023,8.5,0.5489999771118165,129.8,32.450000000000045,17.05000000000001,15.4,23.150000000000034,22.650000000000034,25.850000000000023,22.650000000000034,2999.0,936.2,1.0,127.2,2311.7000000000003,10.4,151.3,10.4
Gymnosporia_rothiana,15.028,74.3927,23.350000000000023,8.6,0.5409999847412109,137.0,32.150000000000034,16.250000000000057,15.9,22.650000000000034,22.150000000000034,25.450000000000045,22.150000000000034,3394.6000000000004,1062.0,1.0,127.9,2630.2000000000003,11.600000000000001,162.20000000000002,11.600000000000001
Gymnosporia_rothiana,15.029,74.5018,23.650000000000034,8.4,0.5369999885559082,136.6,32.55000000000001,16.950000000000045,15.600000000000001,22.850000000000023,22.55000000000001,25.750000000000057,22.55000000000001,2516.0,775.5,1.1,124.0,1899.2,10.4,143.70000000000002,54.900000000000006
Gymnosporia_rothiana,15.0395,74.514,23.650000000000034,8.3,0.534000015258789,136.0,32.650000000000034,17.05000000000001,15.600000000000001,22.850000000000023,22.55000000000001,25.850000000000023,22.55000000000001,2439.6,750.4000000000001,1.1,123.5,1834.7,10.4,141.3,10.4
Gymnosporia_rothiana,15.0425,74.35,23.150000000000034,8.8,0.5460000038146973,141.9,31.950000000000045,15.750000000000057,16.2,22.450000000000045,21.750000000000057,25.350000000000023,21.750000000000057,4061.6000000000004,1277.3000000000002,1.0,129.20000000000002,3173.9,12.9,181.60000000000002,12.9
Gymnosporia_rothiana,15.0452,74.3307,23.350000000000023,8.9,0.5519999980926514,138.70000000000002,32.05000000000001,15.850000000000023,16.2,22.650000000000034,21.950000000000045,25.450000000000045,21.950000000000045,4427.8,1400.7,1.0,130.6,3489.9,12.9,190.70000000000002,12.9
Gymnosporia_rothiana,15.0999,74.382,23.55000000000001,8.8,0.5510000228881836,134.70000000000002,32.35000000000002,16.350000000000023,16.0,22.850000000000023,22.250000000000057,25.55000000000001,22.250000000000057,3607.7000000000003,1132.0,1.1,127.7,2790.6000000000004,12.700000000000001,166.5,12.700000000000001
Gymnosporia_rothiana,15.1104,74.3669,23.150000000000034,8.9,0.5440000057220459,138.70000000000002,32.150000000000034,15.850000000000023,16.3,22.450000000000045,21.850000000000023,25.250000000000057,21.850000000000023,3763.0,1185.1000000000001,1.1,128.20000000000002,2919.3,12.9,170.70000000000002,12.9
Gymnosporia_rothiana,15.1242,74.3256,23.150000000000034,9.200000000000001,0.5489999771118165,140.0,32.25000000000006,15.550000000000011,16.7,22.55000000000001,21.850000000000023,25.350000000000023,21.850000000000023,4493.0,1428.9,1.1,130.5,3536.7000000000003,13.200000000000001,189.70000000000002,13.200000000000001
Gymnosporia_rothiana,15.2113,74.348,23.350000000000023,9.200000000000001,0.5519999980926514,134.1,32.450000000000045,15.750000000000057,16.7,22.650000000000034,22.05000000000001,25.350000000000023,22.05000000000001,4182.900000000001,1339.4,1.1,130.1,3277.9,12.4,179.5,12.4
Gymnosporia_rothiana,15.2152,74.3762,22.55000000000001,8.9,0.5300000190734864,146.4,31.950000000000045,15.150000000000034,16.8,21.850000000000023,21.150000000000034,24.850000000000023,21.150000000000034,3623.1000000000004,1152.4,1.1,128.3,2806.3,12.200000000000001,165.5,70.10000000000001
Gymnosporia_rothiana,15.2201,74.3972,22.950000000000045,8.8,0.5369999885559082,139.1,32.150000000000034,15.850000000000023,16.3,22.250000000000057,21.750000000000057,25.150000000000034,21.750000000000057,3311.8,1049.4,1.1,127.2,2547.6000000000004,11.9,156.20000000000002,11.9
Gymnosporia_rothiana,15.2322,74.34,23.350000000000023,9.3,0.5539999961853027,132.6,32.55000000000001,15.750000000000057,16.8,22.750000000000057,22.150000000000034,25.450000000000045,22.150000000000034,4296.6,1377.5,1.1,130.3,3371.2000000000003,12.5,181.4,12.5
Gymnosporia_rothiana,15.246,74.2814,23.250000000000057,9.700000000000001,0.5550000190734864,136.8,32.650000000000034,15.150000000000034,17.5,22.650000000000034,21.950000000000045,25.350000000000023,21.950000000000045,4865.900000000001,1564.3000000000002,1.1,132.20000000000002,3867.5,12.5,185.4,12.5
Gymnosporia_rothiana,15.3231,74.3843,23.250000000000057,9.0,0.5510000228881836,131.6,32.450000000000045,16.05000000000001,16.400000000000002,22.55000000000001,22.150000000000034,25.350000000000023,22.150000000000034,3521.5,1126.1000000000001,1.2000000000000002,127.60000000000001,2710.1000000000004,12.200000000000001,164.70000000000002,12.200000000000001
Gymnosporia_rothiana,15.3412,74.3733,23.450000000000045,9.200000000000001,0.5559999942779541,129.5,32.650000000000034,16.05000000000001,16.6,22.750000000000057,22.350000000000023,25.450000000000045,22.350000000000023,3775.3,1213.2,1.2000000000000002,128.5,2922.5,12.3,171.20000000000002,12.3
Gymnosporia_rothiana,15.3847,74.3451,23.55000000000001,9.600000000000001,0.5659999847412109,123.2,32.950000000000045,16.05000000000001,16.900000000000002,22.850000000000023,22.55000000000001,25.55000000000001,22.55000000000001,4131.1,1340.8000000000002,1.2000000000000002,130.0,3226.3,12.100000000000001,179.60000000000002,12.100000000000001
Gymnosporia_rothiana,15.4203,74.3283,23.350000000000023,9.700000000000001,0.5639999866485595,127.30000000000001,32.85000000000002,15.650000000000034,17.2,22.650000000000034,22.250000000000057,25.350000000000023,22.250000000000057,4321.1,1403.9,1.2000000000000002,130.20000000000002,3377.3,12.600000000000001,183.5,12.600000000000001
Gymnosporia_rothiana,15.4737,74.333,23.55000000000001,9.8,0.5739999771118164,123.30000000000001,33.05000000000001,16.05000000000001,17.0,22.850000000000023,22.650000000000034,25.55000000000001,22.650000000000034,4149.3,1352.4,1.2000000000000002,129.9,3235.1000000000004,12.4,179.9,2709.7000000000003
Gymnosporia_rothiana,15.4769,74.301,23.250000000000057,9.8,0.5690000057220459,124.7,32.85000000000002,15.550000000000011,17.3,22.55000000000001,22.250000000000057,25.250000000000057,22.250000000000057,4489.7,1468.9,1.2000000000000002,131.0,3525.0,12.600000000000001,184.9,12.600000000000001
Gymnosporia_rothiana,15.4878,74.2835,23.350000000000023,9.9,0.5699999809265137,124.0,32.85000000000002,15.550000000000011,17.3,22.55000000000001,22.250000000000057,25.250000000000057,22.250000000000057,4674.900000000001,1533.9,1.1,131.70000000000002,3687.4,12.5,186.3,12.5
Gymnosporia_rothiana,15.4885,74.3484,23.350000000000023,9.700000000000001,0.5650000095367432,126.7,32.950000000000045,15.850000000000023,17.1,22.650000000000034,22.350000000000023,25.350000000000023,22.350000000000023,3871.9,1258.7,1.2000000000000002,128.9,2998.0,12.4,175.70000000000002,12.4
Gymnosporia_rothiana,15.6843,73.9668,26.650000000000034,8.5,0.6179999828338624,101.10000000000001,33.55000000000001,19.750000000000057,13.8,26.05000000000001,26.150000000000034,28.05000000000001,25.750000000000057,4041.6000000000004,1336.4,0.4,136.5,3285.3,6.5,107.0,2639.4
Gymnosporia_rothiana,15.8944,74.1175,23.250000000000057,9.200000000000001,0.5619999885559083,138.70000000000002,32.650000000000034,16.250000000000057,16.400000000000002,22.350000000000023,23.450000000000045,25.55000000000001,22.05000000000001,4060.4,1359.1000000000001,1.3,130.9,3168.6000000000004,15.100000000000001,162.8,2667.8
Gymnosporia_rothiana,15.9069,74.0366,22.750000000000057,9.200000000000001,0.5449999809265137,152.1,32.35000000000002,15.550000000000011,16.8,21.850000000000023,22.850000000000023,25.250000000000057,21.650000000000034,5073.200000000001,1732.5,1.1,134.8,4054.5,13.600000000000001,175.0,3384.0
Gymnosporia_rothiana,15.9129,74.029,22.750000000000057,9.200000000000001,0.5449999809265137,152.0,32.35000000000002,15.550000000000011,16.8,21.850000000000023,22.850000000000023,25.250000000000057,21.55000000000001,5122.3,1753.2,1.1,135.1,4099.7,13.4,175.70000000000002,3423.0
Gymnosporia_rothiana,15.9213,74.0066,22.850000000000023,9.1,0.5429999828338623,152.4,32.35000000000002,15.550000000000011,16.8,21.950000000000045,22.950000000000045,25.350000000000023,21.650000000000034,5230.700000000001,1799.2,1.0,136.0,4209.1,12.4,173.60000000000002,67.0
Gymnosporia_rothiana,15.9265,74.0023,22.650000000000034,9.1,0.5420000076293946,154.5,32.25000000000006,15.450000000000045,16.8,21.750000000000057,22.750000000000057,25.150000000000034,21.450000000000045,5201.0,1790.7,1.0,136.0,4182.8,12.4,173.9,66.8
Gymnosporia_rothiana,15.9366,74.005,22.750000000000057,9.1,0.5440000057220459,153.60000000000002,32.35000000000002,15.550000000000011,16.8,21.850000000000023,22.850000000000023,25.250000000000057,21.55000000000001,5164.400000000001,1779.7,1.0,135.9,4150.7,12.4,173.9,3471.6000000000004
Gymnosporia_rothiana,15.9376,73.9987,23.150000000000034,9.1,0.5489999771118165,150.1,32.55000000000001,15.950000000000045,16.6,22.150000000000034,23.150000000000034,25.55000000000001,21.950000000000045,5163.5,1779.5,1.0,136.1,4154.0,12.200000000000001,171.70000000000002,3472.4
Gymnosporia_rothiana,15.9529,74.0805,23.350000000000023,9.200000000000001,0.5559999942779541,142.9,32.85000000000002,16.250000000000057,16.6,22.250000000000057,23.55000000000001,25.650000000000034,22.05000000000001,4313.8,1458.7,1.3,131.8,3379.7000000000003,14.600000000000001,168.0,2857.7000000000003
Gymnosporia_rothiana,15.9532,74.0059,23.05000000000001,9.1,0.5469999790191651,148.5,32.55000000000001,15.850000000000023,16.7,22.05000000000001,23.150000000000034,25.450000000000045,21.750000000000057,5072.8,1751.1000000000001,1.0,135.8,4071.6000000000004,12.4,173.3,3415.8
Gymnosporia_rothiana,15.9645,73.9962,23.450000000000045,9.1,0.5570000171661377,145.8,32.75000000000006,16.350000000000023,16.400000000000002,22.450000000000045,23.55000000000001,25.750000000000057,22.150000000000034,5009.1,1731.3000000000002,1.0,136.0,4022.6000000000004,12.0,170.0,3377.7000000000003
Gymnosporia_rothiana,15.9727,74.0035,23.350000000000023,9.200000000000001,0.5590000152587891,145.0,32.75000000000006,16.350000000000023,16.400000000000002,22.350000000000023,23.55000000000001,25.750000000000057,22.150000000000034,4963.1,1716.7,1.0,135.8,3979.1000000000004,12.3,171.8,3348.4
Gymnosporia_rothiana,16.3342,73.8769,23.350000000000023,9.600000000000001,0.5360000133514404,162.3,33.450000000000045,15.550000000000011,17.900000000000002,22.350000000000023,23.350000000000023,25.950000000000045,21.950000000000045,5455.8,1998.5,1.0,139.70000000000002,4406.1,9.200000000000001,174.70000000000002,55.2
Gymnosporia_rothiana,16.3722,73.8657,23.950000000000045,9.600000000000001,0.5460000038146973,156.70000000000002,33.85000000000002,16.250000000000057,17.6,23.05000000000001,23.950000000000045,26.450000000000045,22.750000000000057,5495.6,2018.6000000000001,1.0,140.1,4442.900000000001,8.8,171.9,3927.2000000000003
Gymnosporia_rothiana,17.3492,73.74,23.650000000000034,10.100000000000001,0.5420000076293946,159.3,33.55000000000001,14.850000000000023,18.7,23.350000000000023,23.150000000000034,26.05000000000001,21.950000000000045,4417.7,1645.9,0.8,140.3,3528.4,8.1,113.60000000000001,12.700000000000001
Gymnosporia_rothiana,17.3527,73.7715,23.850000000000023,10.200000000000001,0.5400000095367432,158.5,33.85000000000002,15.050000000000011,18.8,23.450000000000045,23.250000000000057,26.150000000000034,22.05000000000001,3743.4,1391.1000000000001,0.8,139.4,2971.7000000000003,7.7,103.5,11.8
Gymnosporia_rothiana,17.4049,73.6758,21.850000000000023,10.0,0.5110000133514404,188.5,32.25000000000006,12.650000000000034,19.6,21.650000000000034,21.05000000000001,24.55000000000001,19.650000000000034,5058.3,1908.6000000000001,0.6000000000000001,143.20000000000002,4112.6,7.300000000000001,115.30000000000001,46.900000000000006
Gymnosporia_rothiana,17.4513,73.7078,22.250000000000057,9.9,0.5230000019073486,174.70000000000002,32.450000000000045,13.450000000000045,19.0,22.05000000000001,21.650000000000034,24.850000000000023,20.350000000000023,4583.5,1729.0,0.6000000000000001,142.8,3715.2000000000003,7.2,110.0,44.400000000000006
Gymnosporia_rothiana,17.7247,73.8106,20.950000000000045,9.9,0.5059999942779542,199.9,31.750000000000057,12.250000000000057,19.5,20.750000000000057,20.150000000000034,23.750000000000057,18.55000000000001,2980.3,1068.6000000000001,0.6000000000000001,135.3,2319.9,8.700000000000001,96.7,53.2
Gymnosporia_rothiana,17.9183,73.665,19.350000000000023,9.9,0.4829999923706055,224.5,30.650000000000034,10.150000000000034,20.5,19.350000000000023,18.55000000000001,22.55000000000001,16.650000000000034,4216.7,1570.8000000000002,0.7000000000000001,141.4,3400.4,8.200000000000001,99.2,60.0
Gymnosporia_rothiana,17.9185,73.6368,19.750000000000057,10.0,0.4820000171661377,224.60000000000002,31.05000000000001,10.350000000000023,20.700000000000003,19.750000000000057,18.850000000000023,22.950000000000045,17.05000000000001,4477.0,1677.4,0.7000000000000001,142.6,3633.8,7.800000000000001,100.30000000000001,56.2
Gymnosporia_rothiana,17.9199,73.6899,19.750000000000057,9.9,0.48800001144409183,215.70000000000002,30.850000000000023,10.650000000000034,20.200000000000003,19.650000000000034,18.950000000000045,22.850000000000023,17.150000000000034,3921.8,1443.7,0.8,139.6,3129.9,8.6,97.10000000000001,63.5
Gymnosporia_rothiana,17.9202,73.6933,20.650000000000034,9.9,0.49800000190734867,204.0,31.55000000000001,11.750000000000057,19.8,20.55000000000001,19.850000000000023,23.55000000000001,18.150000000000034,3828.6000000000004,1402.9,0.8,139.0,3044.4,8.700000000000001,96.4,64.2
Gymnosporia_rothiana,17.9213,73.6885,19.750000000000057,9.9,0.48800001144409183,215.70000000000002,30.850000000000023,10.650000000000034,20.200000000000003,19.650000000000034,18.950000000000045,22.850000000000023,17.150000000000034,3921.8,1443.7,0.8,139.6,3129.9,8.6,97.10000000000001,63.5
Gymnosporia_rothiana,17.9214,73.689,19.750000000000057,9.9,0.48800001144409183,215.70000000000002,30.850000000000023,10.650000000000034,20.200000000000003,19.650000000000034,18.950000000000045,22.850000000000023,17.150000000000034,3921.8,1443.7,0.8,139.6,3129.9,8.6,97.10000000000001,63.5
Gymnosporia_rothiana,17.9224,73.6891,19.750000000000057,9.9,0.48800001144409183,215.70000000000002,30.850000000000023,10.650000000000034,20.200000000000003,19.650000000000034,18.950000000000045,22.850000000000023,17.150000000000034,3921.8,1443.7,0.8,139.6,3129.9,8.6,97.10000000000001,63.5
Gymnosporia_rothiana,17.9226,73.6894,19.750000000000057,9.9,0.48800001144409183,215.70000000000002,30.850000000000023,10.650000000000034,20.200000000000003,19.650000000000034,18.950000000000045,22.850000000000023,17.150000000000034,3921.8,1443.7,0.8,139.6,3129.9,8.6,97.10000000000001,63.5
Gymnosporia_rothiana,17.9295,73.8083,20.250000000000057,9.9,0.4960000038146973,213.0,31.350000000000023,11.450000000000045,19.900000000000002,20.250000000000057,19.450000000000045,23.250000000000057,17.650000000000034,2229.5,777.7,0.6000000000000001,132.3,1706.5,7.4,70.7,49.1
Gymnosporia_rothiana,17.9307,73.6477,19.750000000000057,9.9,0.48499999046325687,223.3,30.950000000000045,10.450000000000045,20.5,19.750000000000057,18.950000000000045,22.950000000000045,17.05000000000001,4350.0,1628.1000000000001,0.7000000000000001,142.3,3524.3,7.9,98.9,56.900000000000006
Gymnosporia_rothiana,17.9319,73.6458,19.750000000000057,9.9,0.48499999046325687,223.3,30.950000000000045,10.450000000000045,20.5,19.750000000000057,18.950000000000045,22.950000000000045,17.05000000000001,4350.0,1628.1000000000001,0.7000000000000001,142.3,3524.3,7.9,98.9,56.900000000000006
Gymnosporia_rothiana,17.9401,73.6879,19.850000000000023,9.9,0.48800001144409183,215.70000000000002,30.950000000000045,10.750000000000057,20.200000000000003,19.750000000000057,19.05000000000001,22.850000000000023,17.150000000000034,3838.1000000000004,1410.0,0.8,139.3,3056.1000000000004,8.5,94.80000000000001,63.6
Gymnosporia_rothiana,17.9707,73.64,20.150000000000034,10.0,0.48600001335144044,221.20000000000002,31.350000000000023,10.850000000000023,20.5,20.150000000000034,19.350000000000023,23.250000000000057,17.450000000000045,4140.400000000001,1556.7,0.7000000000000001,142.9,3362.6000000000004,7.300000000000001,92.30000000000001,50.900000000000006
Gymnosporia_rothiana,18.1009,73.6478,22.750000000000057,10.0,0.5079999923706054,189.5,33.450000000000045,13.750000000000057,19.700000000000003,22.650000000000034,22.05000000000001,25.450000000000045,20.55000000000001,3924.9,1479.3000000000002,0.8,142.3,3165.8,7.2,87.30000000000001,48.900000000000006
Gymnosporia_rothiana,18.2395,73.2962,26.650000000000034,10.200000000000001,0.5670000076293945,146.1,35.450000000000045,17.450000000000045,18.0,26.750000000000057,25.450000000000045,28.55000000000001,24.650000000000034,2874.6000000000004,1069.0,0.4,142.6,2329.2000000000003,2.7,598.9,5.6000000000000005
Gymnosporia_rothiana,18.4165,73.4439,22.650000000000034,10.4,0.5050000190734864,208.60000000000002,33.650000000000034,13.050000000000011,20.6,22.650000000000034,21.55000000000001,25.55000000000001,20.05000000000001,4623.900000000001,1810.2,0.8,146.20000000000002,3776.3,5.7,72.9,10.0
Gymnosporia_rothiana,18.4334,73.4241,23.05000000000001,10.4,0.5070000171661377,204.60000000000002,33.950000000000045,13.450000000000045,20.5,23.150000000000034,21.950000000000045,25.850000000000023,20.55000000000001,4633.400000000001,1817.9,0.8,146.8,3794.8,5.300000000000001,69.7,9.1
Gymnosporia_rothiana,18.4337,73.4308,23.05000000000001,10.4,0.5090000152587891,204.70000000000002,33.950000000000045,13.450000000000045,20.5,23.05000000000001,21.950000000000045,25.850000000000023,20.450000000000045,4635.3,1816.7,0.8,146.5,3790.8,5.4,70.60000000000001,9.4
Gymnosporia_rothiana,18.4368,73.4461,22.850000000000023,10.4,0.5070000171661377,204.70000000000002,33.75000000000006,13.250000000000057,20.5,22.850000000000023,21.750000000000057,25.650000000000034,20.250000000000057,4575.8,1786.9,0.9,145.8,3727.0,5.800000000000001,71.4,10.3
Gymnosporia_rothiana,18.4375,73.4282,23.05000000000001,10.4,0.5090000152587891,204.70000000000002,33.950000000000045,13.450000000000045,20.5,23.05000000000001,21.950000000000045,25.850000000000023,20.450000000000045,4635.3,1816.7,0.8,146.5,3790.8,5.4,70.60000000000001,9.4
Gymnosporia_rothiana,18.4404,73.4185,23.05000000000001,10.4,0.5070000171661377,204.60000000000002,33.950000000000045,13.450000000000045,20.5,23.150000000000034,21.950000000000045,25.850000000000023,20.55000000000001,4633.400000000001,1817.9,0.8,146.8,3794.8,5.300000000000001,69.7,9.1
Gymnosporia_rothiana,18.4431,73.4278,23.350000000000023,10.4,0.5139999866485596,199.8,34.150000000000034,13.850000000000023,20.3,23.450000000000045,22.250000000000057,26.05000000000001,20.850000000000023,4599.1,1801.7,0.8,146.5,3759.3,5.4,69.8,9.4
Gymnosporia_rothiana,18.4435,73.4439,22.650000000000034,10.4,0.5039999961853028,207.8,33.650000000000034,13.050000000000011,20.6,22.750000000000057,21.55000000000001,25.55000000000001,20.05000000000001,4533.1,1769.1000000000001,0.9,145.70000000000002,3689.8,5.800000000000001,70.60000000000001,10.3
Gymnosporia_rothiana,18.4439,73.4253,23.350000000000023,10.4,0.5139999866485596,199.8,34.150000000000034,13.850000000000023,20.3,23.450000000000045,22.250000000000057,26.05000000000001,20.850000000000023,4599.1,1801.7,0.8,146.5,3759.3,5.4,69.8,9.4
Gymnosporia_rothiana,18.4463,73.4287,23.350000000000023,10.4,0.5139999866485596,199.8,34.150000000000034,13.850000000000023,20.3,23.450000000000045,22.250000000000057,26.05000000000001,20.850000000000023,4599.1,1801.7,0.8,146.5,3759.3,5.4,69.8,9.4
Gymnosporia_rothiana,18.4497,73.4367,23.150000000000034,10.4,0.5110000133514404,201.8,33.950000000000045,13.650000000000034,20.3,23.150000000000034,22.05000000000001,25.850000000000023,20.650000000000034,4573.7,1788.7,0.8,146.1,3731.3,5.6000000000000005,70.3,9.8
Gymnosporia_rothiana,18.4586,73.4397,23.450000000000045,10.4,0.5150000095367432,198.4,34.25000000000006,14.050000000000011,20.200000000000003,23.55000000000001,22.450000000000045,26.150000000000034,21.05000000000001,4480.8,1751.1000000000001,0.8,146.1,3652.9,5.5,68.4,9.600000000000001
Gymnosporia_rothiana,18.459,73.4414,23.450000000000045,10.4,0.5150000095367432,198.4,34.25000000000006,14.050000000000011,20.200000000000003,23.55000000000001,22.450000000000045,26.150000000000034,21.05000000000001,4480.8,1751.1000000000001,0.8,146.1,3652.9,5.5,68.4,9.600000000000001
Gymnosporia_rothiana,18.4813,73.4369,23.350000000000023,10.4,0.5110000133514404,199.10000000000002,34.150000000000034,13.850000000000023,20.3,23.450000000000045,22.250000000000057,26.05000000000001,20.850000000000023,4404.2,1719.0,0.8,145.9,3586.8,5.300000000000001,66.8,9.4
Gymnosporia_rothiana,18.5474,73.8893,24.750000000000057,10.9,0.5070000171661377,224.10000000000002,36.650000000000034,15.150000000000034,21.5,24.950000000000045,23.750000000000057,27.850000000000023,22.05000000000001,919.7,281.2,0.9,117.30000000000001,627.3000000000001,4.800000000000001,34.800000000000004,8.5
Gymnosporia_rothiana,18.5513,73.4847,23.05000000000001,10.3,0.5070000171661377,202.0,34.05000000000007,13.650000000000034,20.400000000000002,23.150000000000034,22.05000000000001,25.850000000000023,20.55000000000001,3314.5,1264.3000000000002,0.9,142.6,2647.7000000000003,5.2,54.2,9.5
Gymnosporia_rothiana,18.5524,73.4855,23.05000000000001,10.3,0.5070000171661377,202.0,34.05000000000007,13.650000000000034,20.400000000000002,23.150000000000034,22.05000000000001,25.850000000000023,20.55000000000001,3314.5,1264.3000000000002,0.9,142.6,2647.7000000000003,5.2,54.2,9.5
Gymnosporia_rothiana,18.5535,73.4883,23.05000000000001,10.3,0.5070000171661377,202.0,34.05000000000007,13.650000000000034,20.400000000000002,23.150000000000034,22.05000000000001,25.850000000000023,20.55000000000001,3314.5,1264.3000000000002,0.9,142.6,2647.7000000000003,5.2,54.2,9.5
Gymnosporia_rothiana,18.5536,73.4889,23.05000000000001,10.3,0.5070000171661377,202.0,34.05000000000007,13.650000000000034,20.400000000000002,23.150000000000034,22.05000000000001,25.850000000000023,20.55000000000001,3314.5,1264.3000000000002,0.9,142.6,2647.7000000000003,5.2,54.2,9.5
Gymnosporia_rothiana,18.5659,73.3393,23.05000000000001,10.5,0.5070000171661377,213.10000000000002,33.75000000000006,13.150000000000034,20.6,23.350000000000023,21.750000000000057,25.850000000000023,20.350000000000023,4648.1,1801.4,0.7000000000000001,146.5,3795.8,4.6000000000000005,863.5,8.5
Gymnosporia_rothiana,18.566,73.3389,23.05000000000001,10.5,0.5070000171661377,213.10000000000002,33.75000000000006,13.150000000000034,20.6,23.350000000000023,21.750000000000057,25.850000000000023,20.350000000000023,4648.1,1801.4,0.7000000000000001,146.5,3795.8,4.6000000000000005,863.5,8.5
Gymnosporia_rothiana,18.5745,73.3546,23.05000000000001,10.4,0.5090000152587891,212.60000000000002,33.75000000000006,13.250000000000057,20.5,23.250000000000057,21.750000000000057,25.850000000000023,20.350000000000023,4807.8,1864.4,0.8,146.4,3923.1000000000004,5.0,62.5,9.0
Gymnosporia_rothiana,18.6038,73.4122,22.750000000000057,10.4,0.5050000190734864,209.8,33.55000000000001,13.050000000000011,20.5,22.850000000000023,21.55000000000001,25.55000000000001,20.05000000000001,4193.400000000001,1604.7,0.9,144.1,3374.0,5.4,59.400000000000006,10.100000000000001
Gymnosporia_rothiana,18.6245,73.4338,21.55000000000001,10.3,0.49200000762939455,225.4,32.75000000000006,11.750000000000057,21.0,21.750000000000057,20.450000000000045,24.650000000000034,18.850000000000023,3828.0,1449.1000000000001,1.0,142.4,3050.6000000000004,5.7,56.6,10.9
Gymnosporia_rothiana,18.6559,73.4168,22.05000000000001,10.3,0.49400000572204594,218.70000000000002,33.05000000000001,12.150000000000034,20.900000000000002,22.150000000000034,20.850000000000023,24.950000000000045,19.250000000000057,3927.9,1487.0,0.9,142.9,3139.0,5.4,56.2,10.100000000000001
Gymnosporia_rothiana,18.6585,73.4127,22.150000000000034,10.3,0.49699997901916504,218.9,33.150000000000034,12.350000000000023,20.8,22.350000000000023,21.05000000000001,25.150000000000034,19.450000000000045,3976.0,1508.4,0.9,143.4,3186.2000000000003,5.300000000000001,55.900000000000006,9.700000000000001
Gymnosporia_rothiana,18.6586,73.4132,22.150000000000034,10.3,0.49699997901916504,218.9,33.150000000000034,12.350000000000023,20.8,22.350000000000023,21.05000000000001,25.150000000000034,19.450000000000045,3976.0,1508.4,0.9,143.4,3186.2000000000003,5.300000000000001,55.900000000000006,9.700000000000001
Gymnosporia_rothiana,18.6893,73.3875,23.250000000000057,10.4,0.5110000133514404,205.0,33.85000000000002,13.550000000000011,20.3,23.450000000000045,22.150000000000034,26.05000000000001,20.650000000000034,3993.2000000000003,1515.1000000000001,0.8,144.1,3209.9,4.800000000000001,721.5,8.6
Gymnosporia_rothiana,18.7012,73.3886,22.850000000000023,10.4,0.5050000190734864,211.0,33.450000000000045,12.950000000000045,20.5,23.05000000000001,21.650000000000034,25.650000000000034,20.150000000000034,4026.6000000000004,1522.9,0.8,143.8,3231.3,4.9,53.7,8.8
Gymnosporia_rothiana,18.7013,73.3905,22.850000000000023,10.4,0.5050000190734864,211.0,33.450000000000045,12.950000000000045,20.5,23.05000000000001,21.650000000000034,25.650000000000034,20.150000000000034,4026.6000000000004,1522.9,0.8,143.8,3231.3,4.9,53.7,8.8
Gymnosporia_rothiana,18.7583,73.3757,23.750000000000057,10.4,0.515999984741211,200.4,34.05000000000007,13.950000000000045,20.1,23.950000000000045,22.55000000000001,26.350000000000023,21.150000000000034,3861.2000000000003,1444.3000000000002,0.8,142.9,3080.9,4.6000000000000005,688.4000000000001,8.6
Gymnosporia_rothiana,18.7604,73.3474,24.55000000000001,10.4,0.5269999980926514,190.5,34.450000000000045,14.750000000000057,19.700000000000003,24.750000000000057,23.350000000000023,27.05000000000001,22.05000000000001,3428.7000000000003,1274.1000000000001,0.7000000000000001,142.4,2726.9,3.9000000000000004,607.3000000000001,7.9
Gymnosporia_rothiana,18.7755,73.3684,25.250000000000057,10.4,0.5380000114440918,177.70000000000002,34.950000000000045,15.650000000000034,19.3,25.450000000000045,24.150000000000034,27.55000000000001,22.850000000000023,3524.6000000000004,1309.1000000000001,0.8,142.3,2800.7000000000003,4.3,624.9000000000001,8.1
Gymnosporia_rothiana,18.796,73.3922,24.650000000000034,10.3,0.525,187.9,34.650000000000034,14.950000000000045,19.700000000000003,24.750000000000057,23.55000000000001,27.150000000000034,22.150000000000034,3567.0,1321.9,0.8,141.9,2828.6000000000004,4.6000000000000005,633.6,8.3
Gymnosporia_rothiana,18.7977,73.3934,24.650000000000034,10.3,0.525,187.9,34.650000000000034,14.950000000000045,19.700000000000003,24.750000000000057,23.55000000000001,27.150000000000034,22.150000000000034,3567.0,1321.9,0.8,141.9,2828.6000000000004,4.6000000000000005,633.6,8.3
Gymnosporia_rothiana,18.9006,73.4634,23.150000000000034,10.3,0.5039999961853028,209.9,33.650000000000034,13.250000000000057,20.400000000000002,23.250000000000057,22.05000000000001,25.950000000000045,20.450000000000045,3171.3,1141.7,0.9,138.4,2459.8,4.9,46.0,8.9
Gymnosporia_rothiana,18.9278,73.5373,22.950000000000045,10.3,0.5019999980926514,210.3,33.650000000000034,13.150000000000034,20.5,23.05000000000001,21.950000000000045,25.750000000000057,20.350000000000023,2732.7000000000003,972.3000000000001,0.9,136.4,2095.6,5.2,45.1,8.9
Gymnosporia_rothiana,18.9361,73.5312,22.950000000000045,10.3,0.5019999980926514,210.0,33.650000000000034,13.150000000000034,20.5,23.05000000000001,21.950000000000045,25.750000000000057,20.350000000000023,2821.5,1005.5,0.9,136.70000000000002,2167.8,5.1000000000000005,45.6,8.8
Gymnosporia_rothiana,18.9878,73.2674,22.950000000000045,10.4,0.490999984741211,248.5,33.450000000000045,12.250000000000057,21.200000000000003,23.650000000000034,21.350000000000023,26.250000000000057,19.750000000000057,3325.6000000000004,1197.7,0.7000000000000001,140.1,2601.6000000000004,3.3000000000000003,585.9,7.6000000000000005
Gymnosporia_rothiana,18.9887,73.2712,22.950000000000045,10.4,0.490999984741211,248.5,33.450000000000045,12.250000000000057,21.200000000000003,23.650000000000034,21.350000000000023,26.250000000000057,19.750000000000057,3325.6000000000004,1197.7,0.7000000000000001,140.1,2601.6000000000004,3.3000000000000003,585.9,7.6000000000000005
Gymnosporia_rothiana,18.9912,73.2635,23.05000000000001,10.4,0.490999984741211,248.60000000000002,33.450000000000045,12.250000000000057,21.200000000000003,23.650000000000034,21.450000000000045,26.350000000000023,19.850000000000023,3309.4,1194.9,0.6000000000000001,140.5,2595.4,3.2,585.0,7.300000000000001
Gymnosporia_rothiana,18.9918,73.2662,23.05000000000001,10.4,0.49000000953674316,249.8,33.450000000000045,12.250000000000057,21.200000000000003,23.650000000000034,21.450000000000045,26.350000000000023,19.850000000000023,3251.3,1172.6000000000001,0.6000000000000001,140.4,2547.4,3.2,574.5,7.300000000000001
Gymnosporia_rothiana,18.9971,73.2826,23.55000000000001,10.5,0.5019999980926514,235.70000000000002,33.85000000000002,12.950000000000045,20.900000000000002,24.150000000000034,22.05000000000001,26.750000000000057,20.55000000000001,3213.2000000000003,1152.5,0.7000000000000001,139.6,2504.3,3.3000000000000003,563.8000000000001,7.7
Gymnosporia_rothiana,18.9972,73.2821,23.55000000000001,10.5,0.5019999980926514,235.70000000000002,33.85000000000002,12.950000000000045,20.900000000000002,24.150000000000034,22.05000000000001,26.750000000000057,20.55000000000001,3213.2000000000003,1152.5,0.7000000000000001,139.6,2504.3,3.3000000000000003,563.8000000000001,7.7
Gymnosporia_rothiana,18.9976,73.2815,23.55000000000001,10.5,0.5019999980926514,235.70000000000002,33.85000000000002,12.950000000000045,20.900000000000002,24.150000000000034,22.05000000000001,26.750000000000057,20.55000000000001,3213.2000000000003,1152.5,0.7000000000000001,139.6,2504.3,3.3000000000000003,563.8000000000001,7.7
Gymnosporia_rothiana,18.9984,73.2609,23.05000000000001,10.4,0.49000000953674316,249.8,33.450000000000045,12.250000000000057,21.200000000000003,23.650000000000034,21.450000000000045,26.350000000000023,19.850000000000023,3251.3,1172.6000000000001,0.6000000000000001,140.4,2547.4,3.2,574.5,7.300000000000001
Gymnosporia_rothiana,18.9989,73.2799,23.55000000000001,10.5,0.5019999980926514,235.70000000000002,33.85000000000002,12.950000000000045,20.900000000000002,24.150000000000034,22.05000000000001,26.750000000000057,20.55000000000001,3213.2000000000003,1152.5,0.7000000000000001,139.6,2504.3,3.3000000000000003,563.8000000000001,7.7
Gymnosporia_rothiana,18.9994,73.2784,23.55000000000001,10.5,0.5019999980926514,235.70000000000002,33.85000000000002,12.950000000000045,20.900000000000002,24.150000000000034,22.05000000000001,26.750000000000057,20.55000000000001,3213.2000000000003,1152.5,0.7000000000000001,139.6,2504.3,3.3000000000000003,563.8000000000001,7.7
Gymnosporia_rothiana,19.0052,73.2753,23.150000000000034,10.5,0.49400000572204594,246.5,33.55000000000001,12.350000000000023,21.200000000000003,23.750000000000057,21.55000000000001,26.350000000000023,19.950000000000045,3186.8,1141.9,0.6000000000000001,139.5,2481.7000000000003,3.2,559.0,7.6000000000000005
Gymnosporia_rothiana,19.0053,73.283,23.150000000000034,10.5,0.49400000572204594,246.5,33.55000000000001,12.350000000000023,21.200000000000003,23.750000000000057,21.55000000000001,26.350000000000023,19.950000000000045,3186.8,1141.9,0.6000000000000001,139.5,2481.7000000000003,3.2,559.0,7.6000000000000005
Gymnosporia_rothiana,19.0055,73.2757,23.150000000000034,10.5,0.49400000572204594,246.5,33.55000000000001,12.350000000000023,21.200000000000003,23.750000000000057,21.55000000000001,26.350000000000023,19.950000000000045,3186.8,1141.9,0.6000000000000001,139.5,2481.7000000000003,3.2,559.0,7.6000000000000005
Gymnosporia_rothiana,19.0058,73.2862,23.450000000000045,10.5,0.49800000190734867,238.20000000000002,33.85000000000002,12.750000000000057,21.1,24.05000000000001,21.850000000000023,26.650000000000034,20.350000000000023,3131.7000000000003,1119.1000000000001,0.6000000000000001,139.1,2432.3,3.2,547.5,7.7
Gymnosporia_rothiana,19.0059,73.2821,23.150000000000034,10.5,0.49400000572204594,246.5,33.55000000000001,12.350000000000023,21.200000000000003,23.750000000000057,21.55000000000001,26.350000000000023,19.950000000000045,3186.8,1141.9,0.6000000000000001,139.5,2481.7000000000003,3.2,559.0,7.6000000000000005
Gymnosporia_rothiana,19.0077,73.2815,23.150000000000034,10.5,0.49400000572204594,246.5,33.55000000000001,12.350000000000023,21.200000000000003,23.750000000000057,21.55000000000001,26.350000000000023,19.950000000000045,3186.8,1141.9,0.6000000000000001,139.5,2481.7000000000003,3.2,559.0,7.6000000000000005
Gymnosporia_rothiana,19.0079,73.2846,23.450000000000045,10.5,0.49800000190734867,238.20000000000002,33.85000000000002,12.750000000000057,21.1,24.05000000000001,21.850000000000023,26.650000000000034,20.350000000000023,3131.7000000000003,1119.1000000000001,0.6000000000000001,139.1,2432.3,3.2,547.5,7.7
Gymnosporia_rothiana,19.0086,73.2814,23.650000000000034,10.5,0.5,234.9,33.950000000000045,12.950000000000045,21.0,24.250000000000057,22.05000000000001,26.750000000000057,20.55000000000001,3079.4,1102.4,0.6000000000000001,139.4,2396.3,3.1,540.0,7.4
Gymnosporia_rothiana,19.0092,73.2816,23.650000000000034,10.5,0.5,234.9,33.950000000000045,12.950000000000045,21.0,24.250000000000057,22.05000000000001,26.750000000000057,20.55000000000001,3079.4,1102.4,0.6000000000000001,139.4,2396.3,3.1,540.0,7.4
Gymnosporia_rothiana,19.0154,73.2803,23.650000000000034,10.5,0.5,234.9,33.950000000000045,12.950000000000045,21.0,24.250000000000057,22.05000000000001,26.750000000000057,20.55000000000001,3079.4,1102.4,0.6000000000000001,139.4,2396.3,3.1,540.0,7.4
Gymnosporia_rothiana,19.0606,73.5424,22.350000000000023,10.3,0.4929999828338623,226.60000000000002,33.25000000000006,12.350000000000023,20.900000000000002,22.450000000000045,21.250000000000057,25.450000000000045,19.55000000000001,3208.8,1152.6000000000001,0.9,138.5,2488.3,5.0,49.900000000000006,43.1
Gymnosporia_rothiana,19.0617,73.5434,22.350000000000023,10.3,0.4929999828338623,226.60000000000002,33.25000000000006,12.350000000000023,20.900000000000002,22.450000000000045,21.250000000000057,25.450000000000045,19.55000000000001,3208.8,1152.6000000000001,0.9,138.5,2488.3,5.0,49.900000000000006,43.1
Gymnosporia_rothiana,19.0619,73.5433,22.350000000000023,10.3,0.4929999828338623,226.60000000000002,33.25000000000006,12.350000000000023,20.900000000000002,22.450000000000045,21.250000000000057,25.450000000000045,19.55000000000001,3208.8,1152.6000000000001,0.9,138.5,2488.3,5.0,49.900000000000006,43.1
Gymnosporia_rothiana,19.0623,73.5401,21.950000000000045,10.3,0.4869999885559082,233.10000000000002,32.950000000000045,11.750000000000057,21.200000000000003,22.05000000000001,20.750000000000057,25.05000000000001,19.05000000000001,3202.6000000000004,1150.5,0.8,138.6,2484.3,4.9,49.1,42.400000000000006
Gymnosporia_rothiana,19.0671,73.5401,21.850000000000023,10.3,0.4869999885559082,235.60000000000002,32.950000000000045,11.750000000000057,21.200000000000003,22.05000000000001,20.750000000000057,25.05000000000001,18.950000000000045,3254.4,1169.8,0.9,138.70000000000002,2525.9,5.0,49.6,42.900000000000006
Gymnosporia_rothiana,19.071,73.5371,21.850000000000023,10.3,0.4869999885559082,235.60000000000002,32.950000000000045,11.750000000000057,21.200000000000003,22.05000000000001,20.750000000000057,25.05000000000001,18.950000000000045,3254.4,1169.8,0.9,138.70000000000002,2525.9,5.0,49.6,42.900000000000006
Gymnosporia_rothiana,19.0715,73.5364,21.850000000000023,10.3,0.4869999885559082,235.60000000000002,32.950000000000045,11.750000000000057,21.200000000000003,22.05000000000001,20.750000000000057,25.05000000000001,18.950000000000045,3254.4,1169.8,0.9,138.70000000000002,2525.9,5.0,49.6,42.900000000000006
Gymnosporia_rothiana,19.072,73.5357,21.850000000000023,10.3,0.4869999885559082,235.60000000000002,32.950000000000045,11.750000000000057,21.200000000000003,22.05000000000001,20.750000000000057,25.05000000000001,18.950000000000045,3254.4,1169.8,0.9,138.70000000000002,2525.9,5.0,49.6,42.900000000000006
Gymnosporia_rothiana,19.0736,73.5334,21.850000000000023,10.3,0.4869999885559082,235.60000000000002,32.950000000000045,11.750000000000057,21.200000000000003,22.05000000000001,20.750000000000057,25.05000000000001,18.950000000000045,3254.4,1169.8,0.9,138.70000000000002,2525.9,5.0,49.6,42.900000000000006
Gymnosporia_rothiana,19.0764,73.5372,21.750000000000057,10.3,0.4840000152587891,239.0,32.85000000000002,11.550000000000011,21.3,21.950000000000045,20.55000000000001,24.950000000000045,18.850000000000023,3291.7000000000003,1183.5,0.9,138.70000000000002,2555.5,5.0,49.900000000000006,43.400000000000006
Gymnosporia_rothiana,19.0767,73.5372,21.750000000000057,10.3,0.4840000152587891,239.0,32.85000000000002,11.550000000000011,21.3,21.950000000000045,20.55000000000001,24.950000000000045,18.850000000000023,3291.7000000000003,1183.5,0.9,138.70000000000002,2555.5,5.0,49.900000000000006,43.400000000000006
Gymnosporia_rothiana,19.0767,73.5526,21.650000000000034,10.3,0.4840000152587891,238.9,32.85000000000002,11.550000000000011,21.3,21.850000000000023,20.55000000000001,24.950000000000045,18.750000000000057,3292.3,1183.2,0.9,138.4,2553.3,5.2,51.6,45.1
Gymnosporia_rothiana,19.0772,73.5526,21.650000000000034,10.3,0.4840000152587891,238.9,32.85000000000002,11.550000000000011,21.3,21.850000000000023,20.55000000000001,24.950000000000045,18.750000000000057,3292.3,1183.2,0.9,138.4,2553.3,5.2,51.6,45.1
Gymnosporia_rothiana,19.0781,73.5521,21.650000000000034,10.3,0.4840000152587891,238.9,32.85000000000002,11.550000000000011,21.3,21.850000000000023,20.55000000000001,24.950000000000045,18.750000000000057,3292.3,1183.2,0.9,138.4,2553.3,5.2,51.6,45.1
Gymnosporia_rothiana,19.0782,73.5525,21.650000000000034,10.3,0.4840000152587891,238.9,32.85000000000002,11.550000000000011,21.3,21.850000000000023,20.55000000000001,24.950000000000045,18.750000000000057,3292.3,1183.2,0.9,138.4,2553.3,5.2,51.6,45.1
Gymnosporia_rothiana,19.0788,73.5671,21.450000000000045,10.3,0.4820000171661377,240.5,32.650000000000034,11.350000000000023,21.3,21.55000000000001,20.350000000000023,24.750000000000057,18.450000000000045,3209.8,1149.2,0.9,137.70000000000002,2479.2000000000003,5.4,51.800000000000004,47.6
Gymnosporia_rothiana,19.0789,73.5679,21.450000000000045,10.3,0.4820000171661377,240.5,32.650000000000034,11.350000000000023,21.3,21.55000000000001,20.350000000000023,24.750000000000057,18.450000000000045,3209.8,1149.2,0.9,137.70000000000002,2479.2000000000003,5.4,51.800000000000004,47.6
Gymnosporia_rothiana,19.0797,73.5668,21.450000000000045,10.3,0.4820000171661377,240.5,32.650000000000034,11.350000000000023,21.3,21.55000000000001,20.350000000000023,24.750000000000057,18.450000000000045,3209.8,1149.2,0.9,137.70000000000002,2479.2000000000003,5.4,51.800000000000004,47.6
Gymnosporia_rothiana,19.0804,73.5391,21.750000000000057,10.3,0.4840000152587891,239.0,32.85000000000002,11.550000000000011,21.3,21.950000000000045,20.55000000000001,24.950000000000045,18.850000000000023,3291.7000000000003,1183.5,0.9,138.70000000000002,2555.5,5.0,49.900000000000006,43.400000000000006
Gymnosporia_rothiana,19.0804,73.5671,21.450000000000045,10.3,0.4820000171661377,240.5,32.650000000000034,11.350000000000023,21.3,21.55000000000001,20.350000000000023,24.750000000000057,18.450000000000045,3209.8,1149.2,0.9,137.70000000000002,2479.2000000000003,5.4,51.800000000000004,47.6
Gymnosporia_rothiana,19.0808,73.5663,21.55000000000001,10.3,0.4829999923706055,235.70000000000002,32.75000000000006,11.450000000000045,21.3,21.750000000000057,20.450000000000045,24.750000000000057,18.650000000000034,3257.5,1168.9,0.9,138.1,2522.0,5.4,51.800000000000004,46.300000000000004
Gymnosporia_rothiana,19.2677,73.7111,23.250000000000057,10.0,0.4949999809265137,218.70000000000002,34.35000000000002,14.150000000000034,20.200000000000003,22.950000000000045,22.450000000000045,26.450000000000045,20.750000000000057,2427.5,854.2,0.9,135.4,1845.5,5.300000000000001,44.300000000000004,44.900000000000006
Gymnosporia_rothiana,19.2679,73.7105,23.250000000000057,10.0,0.4949999809265137,218.70000000000002,34.35000000000002,14.150000000000034,20.200000000000003,22.950000000000045,22.450000000000045,26.450000000000045,20.750000000000057,2427.5,854.2,0.9,135.4,1845.5,5.300000000000001,44.300000000000004,44.900000000000006
Gymnosporia_rothiana,19.2816,73.6869,22.150000000000034,10.0,0.4869999885559082,231.5,33.450000000000045,12.850000000000023,20.6,21.950000000000045,21.250000000000057,25.450000000000045,19.450000000000045,2439.6,869.0,0.8,137.3,1874.5,4.6000000000000005,42.300000000000004,39.2
Gymnosporia_rothiana,19.2817,73.6862,22.150000000000034,10.0,0.4869999885559082,231.5,33.450000000000045,12.850000000000023,20.6,21.950000000000045,21.250000000000057,25.450000000000045,19.450000000000045,2439.6,869.0,0.8,137.3,1874.5,4.6000000000000005,42.300000000000004,39.2
Gymnosporia_rothiana,19.3317,73.7929,23.05000000000001,10.100000000000001,0.49400000572204594,229.8,34.25000000000006,13.850000000000023,20.400000000000002,22.950000000000045,22.150000000000034,26.350000000000023,20.350000000000023,1807.4,614.5,0.8,131.5,1340.4,5.2,36.800000000000004,40.5
Gymnosporia_rothiana,19.3335,73.7924,23.450000000000045,10.100000000000001,0.4960000038146973,225.3,34.55000000000007,14.250000000000057,20.3,23.250000000000057,22.55000000000001,26.650000000000034,20.750000000000057,1808.5,616.4000000000001,0.8,131.9,1344.7,5.0,36.5,39.2
Gymnosporia_rothiana,19.3351,73.7938,23.450000000000045,10.100000000000001,0.4960000038146973,225.3,34.55000000000007,14.250000000000057,20.3,23.250000000000057,22.55000000000001,26.650000000000034,20.750000000000057,1808.5,616.4000000000001,0.8,131.9,1344.7,5.0,36.5,39.2
Gymnosporia_rothiana,19.3354,73.7933,23.450000000000045,10.100000000000001,0.4960000038146973,225.3,34.55000000000007,14.250000000000057,20.3,23.250000000000057,22.55000000000001,26.650000000000034,20.750000000000057,1808.5,616.4000000000001,0.8,131.9,1344.7,5.0,36.5,39.2
Gymnosporia_rothiana,19.3357,73.7931,23.450000000000045,10.100000000000001,0.4960000038146973,225.3,34.55000000000007,14.250000000000057,20.3,23.250000000000057,22.55000000000001,26.650000000000034,20.750000000000057,1808.5,616.4000000000001,0.8,131.9,1344.7,5.0,36.5,39.2
Gymnosporia_rothiana,19.3372,73.7852,23.850000000000023,10.100000000000001,0.49899997711181643,220.20000000000002,35.05000000000007,14.850000000000023,20.200000000000003,23.750000000000057,23.05000000000001,27.05000000000001,21.350000000000023,1876.8000000000002,642.6,0.8,132.4,1400.1000000000001,5.0,37.300000000000004,39.7
Gymnosporia_rothiana,19.3373,73.7856,23.850000000000023,10.100000000000001,0.49899997711181643,220.20000000000002,35.05000000000007,14.850000000000023,20.200000000000003,23.750000000000057,23.05000000000001,27.05000000000001,21.350000000000023,1876.8000000000002,642.6,0.8,132.4,1400.1000000000001,5.0,37.300000000000004,39.7
Gymnosporia_rothiana,19.3373,73.7858,23.850000000000023,10.100000000000001,0.49899997711181643,220.20000000000002,35.05000000000007,14.850000000000023,20.200000000000003,23.750000000000057,23.05000000000001,27.05000000000001,21.350000000000023,1876.8000000000002,642.6,0.8,132.4,1400.1000000000001,5.0,37.300000000000004,39.7
Gymnosporia_rothiana,19.3375,73.784,23.850000000000023,10.100000000000001,0.49899997711181643,220.20000000000002,35.05000000000007,14.850000000000023,20.200000000000003,23.750000000000057,23.05000000000001,27.05000000000001,21.350000000000023,1876.8000000000002,642.6,0.8,132.4,1400.1000000000001,5.0,37.300000000000004,39.7
Gymnosporia_rothiana,19.3377,73.7843,23.850000000000023,10.100000000000001,0.49899997711181643,220.20000000000002,35.05000000000007,14.850000000000023,20.200000000000003,23.750000000000057,23.05000000000001,27.05000000000001,21.350000000000023,1876.8000000000002,642.6,0.8,132.4,1400.1000000000001,5.0,37.300000000000004,39.7
Gymnosporia_rothiana,19.3377,73.7862,23.850000000000023,10.100000000000001,0.49899997711181643,220.20000000000002,35.05000000000007,14.850000000000023,20.200000000000003,23.750000000000057,23.05000000000001,27.05000000000001,21.350000000000023,1876.8000000000002,642.6,0.8,132.4,1400.1000000000001,5.0,37.300000000000004,39.7
Gymnosporia_rothiana,19.3378,73.7846,23.850000000000023,10.100000000000001,0.49899997711181643,220.20000000000002,35.05000000000007,14.850000000000023,20.200000000000003,23.750000000000057,23.05000000000001,27.05000000000001,21.350000000000023,1876.8000000000002,642.6,0.8,132.4,1400.1000000000001,5.0,37.300000000000004,39.7
Gymnosporia_rothiana,19.3379,73.7789,24.150000000000034,10.100000000000001,0.5,219.0,35.25000000000006,15.150000000000034,20.1,23.950000000000045,23.450000000000045,27.350000000000023,21.650000000000034,1932.5,664.6,0.8,133.0,1446.2,5.0,37.9,39.800000000000004
Gymnosporia_rothiana,19.3379,73.7867,23.850000000000023,10.100000000000001,0.49899997711181643,220.20000000000002,35.05000000000007,14.850000000000023,20.200000000000003,23.750000000000057,23.05000000000001,27.05000000000001,21.350000000000023,1876.8000000000002,642.6,0.8,132.4,1400.1000000000001,5.0,37.300000000000004,39.7
Gymnosporia_rothiana,19.3387,73.7893,23.850000000000023,10.100000000000001,0.49899997711181643,220.20000000000002,35.05000000000007,14.850000000000023,20.200000000000003,23.750000000000057,23.05000000000001,27.05000000000001,21.350000000000023,1876.8000000000002,642.6,0.8,132.4,1400.1000000000001,5.0,37.300000000000004,39.7
Gymnosporia_rothiana,19.3412,73.791,23.850000000000023,10.100000000000001,0.49899997711181643,220.20000000000002,35.05000000000007,14.850000000000023,20.200000000000003,23.750000000000057,23.05000000000001,27.05000000000001,21.350000000000023,1876.8000000000002,642.6,0.8,132.4,1400.1000000000001,5.0,37.300000000000004,39.7
Gymnosporia_rothiana,19.5916,73.6354,20.350000000000023,10.0,0.47500000000000003,262.6,31.650000000000034,10.650000000000034,21.0,20.650000000000034,18.950000000000045,23.850000000000023,17.150000000000034,3074.9,1101.4,1.2000000000000002,138.9,2366.5,4.9,44.800000000000004,46.300000000000004
Gymnosporia_rothiana,19.916,73.5668,20.850000000000023,10.100000000000001,0.47699999809265137,258.5,32.150000000000034,11.050000000000011,21.1,20.750000000000057,19.250000000000057,24.250000000000057,17.55000000000001,2220.5,766.4000000000001,1.1,135.1,1686.1000000000001,4.7,375.8,8.9
Gymnosporia_rothiana,19.9234,73.5747,20.450000000000045,10.100000000000001,0.47300000190734864,261.7,31.850000000000023,10.550000000000011,21.3,20.350000000000023,18.750000000000057,23.850000000000023,17.05000000000001,2181.5,750.4000000000001,1.1,134.8,1654.4,4.7,369.0,8.9
Gymnosporia_rothiana,20.7523,73.4991,26.450000000000045,10.5,0.515999984741211,223.3,36.650000000000034,16.350000000000023,20.3,26.250000000000057,24.750000000000057,29.350000000000023,23.350000000000023,1577.6000000000001,564.8000000000001,1.4000000000000001,141.70000000000002,1253.4,4.4,236.5,5.300000000000001
Gymnosporia_rothiana,20.7557,73.4997,26.450000000000045,10.5,0.515999984741211,223.3,36.650000000000034,16.350000000000023,20.3,26.250000000000057,24.750000000000057,29.350000000000023,23.350000000000023,1577.6000000000001,564.8000000000001,1.4000000000000001,141.70000000000002,1253.4,4.4,236.5,5.300000000000001
Gymnosporia_rothiana,22.3292,73.2371,27.250000000000057,11.5,0.46599998474121096,366.8,39.35000000000002,14.650000000000034,24.700000000000003,28.350000000000023,27.350000000000023,31.950000000000045,22.05000000000001,1056.2,385.5,0.5,146.4,878.6,3.7,133.0,5.1000000000000005
Gymnosporia_emarginata,8.3667,77.5278,26.650000000000034,8.6,0.6289999961853028,120.5,33.35000000000002,19.750000000000057,13.600000000000001,25.350000000000023,26.450000000000045,28.250000000000057,24.950000000000045,1247.1000000000001,285.6,26.6,75.9,631.5,112.10000000000001,236.4,401.1
Gymnosporia_emarginata,9.9054,76.8888,23.150000000000034,7.9,0.5539999961853027,108.30000000000001,31.350000000000023,17.150000000000034,14.200000000000001,22.250000000000057,24.150000000000034,24.850000000000023,22.250000000000057,3291.9,588.4,33.1,67.2,1513.4,156.4,314.90000000000003,1228.1000000000001
Gymnosporia_emarginata,10.1042,78.2306,25.950000000000045,10.200000000000001,0.5739999771118164,204.70000000000002,34.75000000000006,17.05000000000001,17.7,25.05000000000001,24.950000000000045,28.350000000000023,23.05000000000001,1140.4,244.5,16.7,72.2,591.1,62.2,203.3,280.8
Gymnosporia_emarginata,10.3041,79.8531,27.55000000000001,1.5,0.29600000381469727,124.9,29.950000000000045,24.750000000000057,5.2,26.55000000000001,27.450000000000045,28.950000000000045,25.750000000000057,1487.7,470.90000000000003,25.6,104.4,982.9000000000001,109.7,136.8,372.1
Gymnosporia_emarginata,10.5,79.5,28.650000000000034,8.0,0.5420000076293946,214.9,36.150000000000034,21.350000000000023,14.8,26.650000000000034,28.350000000000023,31.05000000000001,25.750000000000057,1229.0,332.6,19.700000000000003,87.0,712.4000000000001,89.5,171.4,553.9
Gymnosporia_emarginata,11.5143,79.3233,28.55000000000001,9.600000000000001,0.5130000114440918,266.6,38.35000000000002,19.650000000000034,18.7,27.650000000000034,28.450000000000045,31.650000000000034,24.950000000000045,1148.1000000000001,240.3,16.3,74.8,579.0,52.400000000000006,144.5,401.3
Gymnosporia_emarginata,11.7151,79.2765,28.350000000000023,9.700000000000001,0.5139999866485596,264.2,38.25000000000006,19.350000000000023,18.900000000000002,27.55000000000001,28.350000000000023,31.55000000000001,24.850000000000023,1154.2,228.5,15.9,73.7,581.7,51.800000000000004,150.9,384.90000000000003
Gymnosporia_emarginata,11.8528,78.6181,24.150000000000034,9.600000000000001,0.5349999904632569,229.20000000000002,32.950000000000045,15.050000000000011,17.900000000000002,23.350000000000023,22.850000000000023,26.950000000000045,20.950000000000045,1024.2,191.60000000000002,8.1,69.60000000000001,500.6,37.2,192.10000000000002,228.8
Gymnosporia_emarginata,11.9523,78.6181,23.350000000000023,9.5,0.5380000114440918,224.10000000000002,32.05000000000001,14.350000000000023,17.7,22.55000000000001,22.05000000000001,26.05000000000001,20.150000000000034,1059.5,197.5,9.200000000000001,69.5,529.7,43.400000000000006,191.20000000000002,258.40000000000003
Gymnosporia_emarginata,11.9523,79.7659,27.750000000000057,4.9,0.4369999885559082,200.0,33.25000000000006,22.05000000000001,11.200000000000001,26.05000000000001,27.450000000000045,30.150000000000034,25.05000000000001,1208.1000000000001,289.3,16.5,84.4,677.1,56.7,193.4,207.8
Gymnosporia_emarginata,12.0054,79.8194,27.55000000000001,4.3,0.4219999790191651,187.10000000000002,32.450000000000045,22.250000000000057,10.200000000000001,25.950000000000045,27.250000000000057,29.750000000000057,24.950000000000045,1306.3000000000002,323.8,18.400000000000002,86.80000000000001,749.3000000000001,63.2,199.8,228.10000000000002
Gymnosporia_emarginata,12.0355,79.1468,28.150000000000034,9.8,0.5110000133514404,269.2,37.950000000000045,18.750000000000057,19.200000000000003,27.350000000000023,25.950000000000045,31.350000000000023,24.55000000000001,1055.1000000000001,186.60000000000002,10.3,71.2,524.7,42.300000000000004,160.0,291.40000000000003
Gymnosporia_emarginata,12.1449,77.5333,25.950000000000045,10.4,0.5670000076293945,194.3,35.35000000000002,17.05000000000001,18.3,25.05000000000001,25.750000000000057,28.750000000000057,23.450000000000045,705.2,166.9,3.5,76.9,355.90000000000003,24.400000000000002,142.5,107.2
Gymnosporia_emarginata,12.1656,79.9244,27.950000000000045,5.0,0.44200000762939456,197.10000000000002,33.55000000000001,22.250000000000057,11.3,26.250000000000057,27.55000000000001,30.250000000000057,25.250000000000057,1275.9,327.0,17.1,89.2,740.4000000000001,60.2,189.10000000000002,213.8
Gymnosporia_emarginata,12.2005,78.9864,27.950000000000045,10.100000000000001,0.5199999809265137,265.3,37.55000000000007,18.150000000000034,19.400000000000002,27.05000000000001,25.850000000000023,30.950000000000045,24.250000000000057,967.3000000000001,177.0,8.700000000000001,71.5,489.90000000000003,39.1,156.3,248.3
Gymnosporia_emarginata,12.2132,79.8957,28.05000000000001,6.1000000000000005,0.46599998474121096,213.5,34.55000000000007,21.55000000000001,13.0,26.150000000000034,27.650000000000034,30.55000000000001,25.150000000000034,1272.6000000000001,315.8,16.8,86.80000000000001,718.5,59.2,198.5,204.70000000000002
Gymnosporia_emarginata,12.2176,79.899,28.05000000000001,6.1000000000000005,0.4650000095367432,216.9,34.75000000000006,21.55000000000001,13.200000000000001,26.250000000000057,27.650000000000034,30.650000000000034,25.150000000000034,1266.0,313.40000000000003,16.6,86.60000000000001,713.1,58.800000000000004,198.20000000000002,202.70000000000002
Gymnosporia_emarginata,12.226,79.0536,27.350000000000023,10.100000000000001,0.5170000076293946,263.3,37.150000000000034,17.650000000000034,19.5,26.450000000000045,25.450000000000045,30.450000000000045,23.750000000000057,1026.1000000000001,188.70000000000002,9.8,71.9,520.2,41.400000000000006,162.5,263.7
Gymnosporia_emarginata,12.2261,78.9676,27.850000000000023,10.100000000000001,0.5179999828338623,264.0,37.55000000000007,18.05000000000001,19.5,26.950000000000045,25.850000000000023,30.850000000000023,24.150000000000034,964.4000000000001,177.4,8.6,71.60000000000001,489.8,39.0,157.10000000000002,244.60000000000002
Gymnosporia_emarginata,12.2261,79.0537,27.350000000000023,10.100000000000001,0.5170000076293946,263.3,37.150000000000034,17.650000000000034,19.5,26.450000000000045,25.450000000000045,30.450000000000045,23.750000000000057,1026.1000000000001,188.70000000000002,9.8,71.9,520.2,41.400000000000006,162.5,263.7
Gymnosporia_emarginata,12.2287,79.058,27.350000000000023,10.100000000000001,0.5170000076293946,263.3,37.150000000000034,17.650000000000034,19.5,26.450000000000045,25.450000000000045,30.450000000000045,23.750000000000057,1026.1000000000001,188.70000000000002,9.8,71.9,520.2,41.400000000000006,162.5,263.7
Gymnosporia_emarginata,12.2509,79.0466,27.850000000000023,10.100000000000001,0.515999984741211,265.6,37.650000000000034,18.05000000000001,19.6,26.950000000000045,25.750000000000057,30.950000000000045,24.150000000000034,1035.5,191.60000000000002,9.9,72.0,526.5,42.1,164.5,264.1
Gymnosporia_emarginata,12.2786,76.6116,24.250000000000057,9.600000000000001,0.5639999866485595,168.0,33.35000000000002,16.350000000000023,17.0,23.450000000000045,23.150000000000034,26.850000000000023,22.450000000000045,844.6,176.9,2.6,73.0,378.3,22.3,202.8,77.9
Gymnosporia_emarginata,12.4259,75.7786,20.750000000000057,9.200000000000001,0.5489999771118165,122.2,30.05000000000001,13.350000000000023,16.7,19.850000000000023,20.250000000000057,22.650000000000034,19.750000000000057,3097.3,859.8000000000001,5.1000000000000005,102.80000000000001,2014.4,37.800000000000004,355.20000000000005,134.1
Gymnosporia_emarginata,12.8277,77.5379,23.850000000000023,9.9,0.55,191.10000000000002,33.150000000000034,15.150000000000034,18.0,23.250000000000057,22.150000000000034,26.750000000000057,21.55000000000001,877.0,169.9,1.7000000000000002,78.9,459.20000000000005,17.900000000000002,178.20000000000002,63.6
Gymnosporia_emarginata,12.8572,77.5089,23.850000000000023,9.9,0.5519999980926514,191.10000000000002,33.150000000000034,15.150000000000034,18.0,23.250000000000057,22.150000000000034,26.750000000000057,21.55000000000001,870.3000000000001,168.10000000000002,1.7000000000000002,78.9,456.20000000000005,17.400000000000002,174.9,62.300000000000004
Gymnosporia_emarginata,12.9696,79.2908,27.55000000000001,9.9,0.49200000762939455,283.7,37.85000000000002,17.650000000000034,20.200000000000003,26.55000000000001,25.450000000000045,30.950000000000045,23.650000000000034,1029.4,189.8,8.6,71.4,507.1,37.300000000000004,169.5,239.10000000000002
Gymnosporia_emarginata,12.9895,76.1297,22.450000000000045,9.3,0.5300000190734864,167.20000000000002,31.650000000000034,14.150000000000034,17.5,21.750000000000057,21.250000000000057,25.05000000000001,20.55000000000001,845.2,156.5,2.3000000000000003,75.4,366.40000000000003,14.200000000000001,167.20000000000002,60.300000000000004
Gymnosporia_emarginata,13.3099,75.7319,21.150000000000034,9.200000000000001,0.5320000171661378,151.3,30.650000000000034,13.450000000000045,17.2,20.450000000000045,20.250000000000057,23.55000000000001,19.750000000000057,1726.3000000000002,431.8,3.3000000000000003,90.30000000000001,988.3000000000001,22.8,245.9,101.5
Gymnosporia_emarginata,13.3601,77.2119,22.750000000000057,10.100000000000001,0.5400000095367432,206.5,32.450000000000045,13.750000000000057,18.7,21.950000000000045,21.05000000000001,25.850000000000023,20.350000000000023,823.8000000000001,156.10000000000002,2.0,78.7,428.8,14.8,153.4,56.900000000000006
Gymnosporia_emarginata,13.9423,75.5025,24.150000000000034,9.4,0.5449999809265137,161.10000000000002,33.85000000000002,16.650000000000034,17.2,23.05000000000001,23.450000000000045,26.750000000000057,22.850000000000023,1253.7,335.70000000000005,0.8,101.7,794.0,12.8,123.5,60.2
Gymnosporia_emarginata,14.6233,79.2509,28.350000000000023,9.700000000000001,0.4760000228881836,302.8,38.55000000000007,18.150000000000034,20.400000000000002,27.250000000000057,26.250000000000057,32.05000000000001,24.05000000000001,865.7,212.20000000000002,4.5,83.30000000000001,452.0,23.3,135.8,179.3
Gymnosporia_emarginata,15.1523,76.9113,27.05000000000001,10.700000000000001,0.5300000190734864,256.6,37.450000000000045,17.250000000000057,20.200000000000003,26.350000000000023,26.750000000000057,30.850000000000023,23.950000000000045,540.9,117.7,2.0,82.7,295.90000000000003,13.8,84.60000000000001,48.0
Gymnosporia_emarginata,15.8976,73.6976,26.55000000000001,6.6000000000000005,0.5550000190734864,112.5,32.25000000000006,20.350000000000023,11.9,26.150000000000034,25.950000000000045,28.150000000000034,25.350000000000023,3537.3,1171.8,0.2,138.1,2886.8,2.8000000000000003,89.10000000000001,6.300000000000001
Gymnosporia_emarginata,16.0028,78.0367,28.250000000000057,10.3,0.5010000228881836,282.1,38.650000000000034,18.150000000000034,20.5,27.950000000000045,25.250000000000057,32.150000000000034,24.750000000000057,748.5,155.3,1.5,96.0,449.8,8.8,67.60000000000001,31.700000000000003
Gymnosporia_emarginata,16.1999,77.3498,27.55000000000001,10.5,0.49699997901916504,288.7,38.25000000000006,17.150000000000034,21.1,27.150000000000034,24.55000000000001,31.650000000000034,24.05000000000001,797.7,169.20000000000002,3.7,96.10000000000001,469.0,13.4,68.4,33.0
Gymnosporia_emarginata,16.8553,75.6937,26.950000000000045,10.3,0.5,280.6,37.75000000000006,17.250000000000057,20.5,25.650000000000034,24.750000000000057,31.350000000000023,24.05000000000001,655.0,162.0,1.5,90.5,354.3,14.100000000000001,81.0,39.6
Gymnosporia_emarginata,17.3394,76.8322,27.250000000000057,10.600000000000001,0.4719999790191651,325.3,39.05000000000007,16.650000000000034,22.400000000000002,26.55000000000001,24.05000000000001,31.950000000000045,23.450000000000045,805.8000000000001,203.10000000000002,2.6,100.9,495.5,12.9,67.0,31.200000000000003
Gymnosporia_emarginata,17.4718,78.3187,26.05000000000001,10.200000000000001,0.4559999942779541,320.8,37.35000000000002,15.050000000000011,22.3,25.650000000000034,22.650000000000034,30.450000000000045,22.05000000000001,929.3000000000001,212.5,4.5,102.60000000000001,599.0,19.1,179.3,37.1
Gymnosporia_emarginata,17.9242,77.4909,25.450000000000045,9.9,0.4449999809265137,328.70000000000005,37.150000000000034,14.850000000000023,22.3,24.950000000000045,22.05000000000001,30.05000000000001,21.450000000000045,1076.3,248.60000000000002,5.0,101.80000000000001,680.5,21.3,229.60000000000002,41.1
Gymnosporia_emarginata,19.2336,81.9323,24.750000000000057,10.4,0.4449999809265137,322.5,36.35000000000002,13.050000000000011,23.3,24.850000000000023,20.950000000000045,29.05000000000001,20.450000000000045,1444.2,376.1,7.1000000000000005,111.0,967.9000000000001,29.5,311.20000000000005,42.800000000000004
Gymnosporia_emarginata,19.8893,73.9637,23.850000000000023,10.9,0.4889999866485596,279.8,35.450000000000045,13.250000000000057,22.200000000000003,23.750000000000057,22.150000000000034,27.55000000000001,20.150000000000034,942.7,266.1,0.6000000000000001,118.30000000000001,654.1,4.3,178.4,7.5
Gymnosporia_emarginata,19.9391,73.8145,24.250000000000057,10.5,0.490999984741211,255.70000000000002,35.35000000000002,14.050000000000011,21.3,24.05000000000001,22.55000000000001,27.55000000000001,20.850000000000023,1198.4,373.90000000000003,0.7000000000000001,125.4,868.6,4.2,213.60000000000002,7.300000000000001
Gymnosporia_emarginata,20.1814,74.7143,25.850000000000023,11.600000000000001,0.47500000000000003,332.40000000000003,38.950000000000045,14.650000000000034,24.3,25.650000000000034,24.05000000000001,30.450000000000045,21.750000000000057,785.4000000000001,177.9,1.5,108.7,508.0,8.1,159.3,38.300000000000004
Gymnosporia_emarginata,20.4168,77.189,26.850000000000023,10.700000000000001,0.4269999980926514,391.0,40.150000000000034,15.150000000000034,25.0,26.450000000000045,22.55000000000001,32.55000000000001,22.150000000000034,871.0,229.4,5.800000000000001,110.2,580.0,28.900000000000002,162.9,42.2
Gymnosporia_emarginata,20.5784,72.9605,26.450000000000045,6.7,0.4710000038146973,210.3,32.150000000000034,17.950000000000045,14.200000000000001,27.55000000000001,25.950000000000045,28.750000000000057,23.150000000000034,2062.4,845.3000000000001,1.1,151.9,1673.6000000000001,3.6,331.70000000000005,4.1000000000000005
Gymnosporia_emarginata,20.5995,72.9494,26.450000000000045,6.4,0.4650000095367432,211.70000000000002,31.850000000000023,18.05000000000001,13.8,27.55000000000001,25.850000000000023,28.750000000000057,23.150000000000034,2046.9,846.0,1.0,152.70000000000002,1666.5,3.4000000000000004,329.40000000000003,4.0
Gymnosporia_emarginata,20.6288,72.9134,26.55000000000001,5.800000000000001,0.44899997711181644,208.20000000000002,31.450000000000045,18.450000000000045,13.0,27.650000000000034,25.850000000000023,28.650000000000034,23.250000000000057,1998.8000000000002,838.1,0.9,154.0,1636.3000000000002,3.2,322.8,3.8000000000000003
Gymnosporia_emarginata,20.7532,73.4989,26.450000000000045,10.5,0.515999984741211,223.3,36.650000000000034,16.350000000000023,20.3,26.250000000000057,24.750000000000057,29.350000000000023,23.350000000000023,1577.6000000000001,564.8000000000001,1.4000000000000001,141.70000000000002,1253.4,4.4,236.5,5.300000000000001
Gymnosporia_emarginata,20.7533,73.4986,26.450000000000045,10.5,0.515999984741211,223.3,36.650000000000034,16.350000000000023,20.3,26.250000000000057,24.750000000000057,29.350000000000023,23.350000000000023,1577.6000000000001,564.8000000000001,1.4000000000000001,141.70000000000002,1253.4,4.4,236.5,5.300000000000001
Gymnosporia_emarginata,21.1203,72.6269,26.55000000000001,3.7,0.3380000114440918,222.20000000000002,30.450000000000045,19.650000000000034,10.8,27.950000000000045,25.55000000000001,28.650000000000034,23.05000000000001,1413.0,602.6,0.30000000000000004,154.4,1163.1000000000001,1.9000000000000001,252.20000000000002,3.4000000000000004
Gymnosporia_emarginata,21.1403,72.8151,26.950000000000045,7.0,0.4429999828338623,243.20000000000002,33.450000000000045,17.650000000000034,15.8,28.250000000000057,26.750000000000057,29.750000000000057,23.250000000000057,1443.7,606.3000000000001,0.30000000000000004,153.4,1177.1000000000001,2.0,239.5,3.6
Gymnosporia_emarginata,21.1431,72.8431,27.05000000000001,7.7,0.45399999618530273,249.3,34.150000000000034,17.250000000000057,16.900000000000002,28.350000000000023,26.850000000000023,29.950000000000045,23.250000000000057,1447.5,604.9,0.30000000000000004,153.0,1177.0,2.2,236.70000000000002,3.7
Gymnosporia_emarginata,21.2192,77.0464,25.250000000000057,10.9,0.4260000228881836,403.40000000000003,38.85000000000002,13.250000000000057,25.6,25.250000000000057,26.55000000000001,30.950000000000045,20.250000000000057,1136.9,343.1,3.3000000000000003,124.7,837.6,19.900000000000002,193.3,32.9
Gymnosporia_emarginata,21.2292,72.846,27.05000000000001,7.9,0.45500001907348636,257.90000000000003,34.450000000000045,17.150000000000034,17.3,28.350000000000023,26.750000000000057,29.950000000000045,23.05000000000001,1376.1000000000001,568.6,0.30000000000000004,152.0,1114.2,2.1,225.60000000000002,3.8000000000000003
Gymnosporia_emarginata,21.2298,72.8217,26.950000000000045,7.300000000000001,0.4440000057220459,253.5,33.85000000000002,17.350000000000023,16.5,28.350000000000023,26.650000000000034,29.850000000000023,23.05000000000001,1370.6000000000001,567.8000000000001,0.30000000000000004,152.20000000000002,1111.7,2.1,227.3,3.8000000000000003
Gymnosporia_emarginata,21.2601,72.8179,26.950000000000045,7.4,0.4460000038146973,254.9,33.85000000000002,17.250000000000057,16.6,28.350000000000023,26.55000000000001,29.850000000000023,22.950000000000045,1341.1000000000001,553.0,0.30000000000000004,151.70000000000002,1085.7,2.1,222.70000000000002,3.8000000000000003
Gymnosporia_emarginata,21.5169,70.4879,24.950000000000045,11.8,0.4699999809265137,351.20000000000005,37.05000000000007,12.050000000000011,25.0,27.250000000000057,21.250000000000057,29.05000000000001,19.650000000000034,1049.3,424.40000000000003,0.5,148.8,846.7,2.0,180.5,2.0
Gymnosporia_emarginata,21.5233,70.4716,25.950000000000045,11.8,0.4829999923706055,333.3,37.55000000000007,13.150000000000034,24.400000000000002,28.150000000000034,22.450000000000045,29.850000000000023,20.950000000000045,1017.6,412.90000000000003,0.4,149.1,822.2,1.7000000000000002,174.9,1.8
Gymnosporia_emarginata,21.553,70.477,25.950000000000045,11.8,0.478000020980835,340.40000000000003,37.75000000000006,13.050000000000011,24.700000000000003,28.150000000000034,22.450000000000045,29.850000000000023,20.850000000000023,978.1,392.8,0.4,148.3,788.8000000000001,1.7000000000000002,169.5,1.8
Gymnosporia_emarginata,21.6305,72.7621,27.350000000000023,8.5,0.4559999942779541,286.90000000000003,35.05000000000007,16.350000000000023,18.7,28.350000000000023,27.150000000000034,30.55000000000001,22.950000000000045,1098.6000000000001,427.6,0.30000000000000004,146.8,870.1,2.0,184.70000000000002,3.7
Gymnosporia_emarginata,21.9494,73.6189,27.250000000000057,11.0,0.47500000000000003,330.70000000000005,38.450000000000045,15.250000000000057,23.200000000000003,27.750000000000057,27.650000000000034,31.450000000000045,22.55000000000001,1141.1000000000001,393.5,0.7000000000000001,143.0,937.1,3.9000000000000004,151.9,5.4
Gymnosporia_emarginata,21.9826,73.4313,27.150000000000034,11.200000000000001,0.4710000038146973,344.90000000000003,38.650000000000034,14.850000000000023,23.8,27.950000000000045,27.250000000000057,31.450000000000045,22.150000000000034,1167.0,407.0,0.5,143.5,959.5,3.6,156.60000000000002,5.300000000000001
Gymnosporia_emarginata,22.0785,79.6033,24.55000000000001,10.700000000000001,0.3940000057220459,455.0,38.85000000000002,11.750000000000057,27.1,25.05000000000001,29.750000000000057,30.850000000000023,18.750000000000057,1555.5,489.70000000000005,9.200000000000001,125.0,1140.8,54.5,255.10000000000002,55.300000000000004
Gymnosporia_emarginata,22.1983,72.6373,27.150000000000034,9.600000000000001,0.44200000762939456,350.5,37.05000000000007,15.250000000000057,21.8,28.650000000000034,26.750000000000057,31.150000000000034,21.850000000000023,935.7,345.5,0.30000000000000004,144.70000000000002,752.4000000000001,2.4000000000000004,146.3,3.6
Gymnosporia_emarginata,22.2397,72.7659,27.250000000000057,11.0,0.4559999942779541,373.40000000000003,38.55000000000007,14.450000000000045,24.1,28.750000000000057,26.950000000000045,31.55000000000001,21.650000000000034,964.9000000000001,358.90000000000003,0.4,145.70000000000002,785.2,2.9000000000000004,142.1,3.8000000000000003
Gymnosporia_emarginata,22.3023,74.0297,26.750000000000057,11.0,0.46700000762939453,347.0,38.55000000000007,14.950000000000045,23.6,27.250000000000057,27.150000000000034,31.250000000000057,21.850000000000023,1135.1000000000001,389.6,1.0,144.0,935.1,4.9,147.9,5.800000000000001
Gymnosporia_emarginata,22.3072,73.1812,27.250000000000057,11.5,0.46599998474121096,367.3,39.25000000000006,14.550000000000011,24.700000000000003,28.350000000000023,27.350000000000023,31.850000000000023,22.05000000000001,1043.0,381.8,0.5,146.1,864.7,3.5,134.4,4.800000000000001
Gymnosporia_emarginata,22.3163,85.8552,24.55000000000001,10.100000000000001,0.4070000171661377,402.1,36.450000000000045,11.550000000000011,24.900000000000002,26.350000000000023,18.850000000000023,29.150000000000034,18.750000000000057,1594.2,362.8,9.200000000000001,101.80000000000001,1000.6,54.7,397.90000000000003,56.800000000000004
Gymnosporia_emarginata,22.3612,73.7318,26.750000000000057,11.100000000000001,0.46700000762939453,354.0,38.450000000000045,14.750000000000057,23.700000000000003,27.650000000000034,26.850000000000023,31.250000000000057,21.750000000000057,1137.9,403.0,0.5,146.70000000000002,952.6,4.3,137.3,5.4
Gymnosporia_emarginata,22.3631,73.7064,26.250000000000057,11.100000000000001,0.4630000114440918,359.20000000000005,38.05000000000007,14.150000000000034,23.900000000000002,27.250000000000057,26.250000000000057,30.750000000000057,21.150000000000034,1205.3,428.0,0.5,146.9,1009.9000000000001,4.5,145.1,5.7
Gymnosporia_emarginata,22.4902,71.1674,26.450000000000045,11.8,0.4480000019073487,392.70000000000005,39.25000000000006,12.950000000000045,26.3,29.05000000000001,20.55000000000001,31.05000000000001,20.55000000000001,730.7,283.2,0.4,144.9,582.6,2.4000000000000004,143.3,2.4000000000000004
Gymnosporia_emarginata,22.5244,70.0065,26.55000000000001,6.7,0.4,301.5,33.35000000000002,16.55000000000001,16.8,28.250000000000057,21.850000000000023,29.55000000000001,21.850000000000023,659.7,287.8,0.2,157.10000000000002,545.8000000000001,1.7000000000000002,370.8,1.7000000000000002
Gymnosporia_emarginata,22.6166,71.6089,27.55000000000001,12.100000000000001,0.44699997901916505,418.0,40.650000000000034,13.650000000000034,27.0,30.250000000000057,21.350000000000023,32.55000000000001,21.350000000000023,748.3000000000001,287.1,0.4,144.4,589.5,2.6,133.20000000000002,2.6
Gymnosporia_emarginata,22.7671,72.5436,27.05000000000001,11.700000000000001,0.44899997711181644,416.70000000000005,39.55000000000007,13.550000000000011,26.0,28.950000000000045,22.950000000000045,31.950000000000045,20.950000000000045,907.6,364.1,0.6000000000000001,154.8,768.4000000000001,3.0,108.9,3.5
Gymnosporia_emarginata,22.8396,69.7241,26.850000000000023,7.0,0.41900000572204593,296.2,33.150000000000034,16.55000000000001,16.6,28.450000000000045,22.150000000000034,29.650000000000034,22.150000000000034,558.2,248.70000000000002,0.2,158.3,463.1,1.8,312.40000000000003,1.8
Gymnosporia_emarginata,22.9571,72.5093,27.150000000000034,11.8,0.4480000019073487,426.6,39.85000000000002,13.550000000000011,26.3,28.950000000000045,23.05000000000001,32.25000000000006,20.950000000000045,882.8000000000001,359.3,0.7000000000000001,156.4,749.5,2.8000000000000003,103.80000000000001,3.2
Gymnosporia_emarginata,23.1121,73.5809,26.750000000000057,11.200000000000001,0.44200000762939456,417.20000000000005,39.25000000000006,13.850000000000023,25.400000000000002,28.150000000000034,26.350000000000023,31.950000000000045,20.750000000000057,917.6,350.3,0.5,152.3,789.1,3.9000000000000004,92.7,5.6000000000000005
Gymnosporia_emarginata,23.1314,72.625,27.05000000000001,11.8,0.4460000038146973,432.1,39.950000000000045,13.450000000000045,26.5,28.750000000000057,22.950000000000045,32.35000000000002,20.850000000000023,874.0,356.5,0.7000000000000001,157.10000000000002,747.0,2.7,96.9,3.1
Gymnosporia_emarginata,23.242,69.6669,26.850000000000023,11.600000000000001,0.4719999790191651,376.6,37.650000000000034,13.050000000000011,24.6,28.55000000000001,20.950000000000045,30.650000000000034,20.950000000000045,429.3,173.9,0.1,147.70000000000002,349.8,1.8,45.7,1.8
Gymnosporia_emarginata,23.3957,70.6904,26.950000000000045,12.0,0.4460000038146973,434.0,39.650000000000034,12.750000000000057,26.900000000000002,28.950000000000045,20.450000000000045,31.750000000000057,20.450000000000045,576.3000000000001,239.70000000000002,0.5,153.70000000000002,478.70000000000005,2.1,65.5,2.1
Gymnosporia_emarginata,23.554,72.5408,26.55000000000001,11.8,0.44099998474121094,452.40000000000003,39.35000000000002,12.650000000000034,26.700000000000003,28.55000000000001,22.150000000000034,31.950000000000045,20.05000000000001,808.3000000000001,326.20000000000005,1.0,156.0,692.8000000000001,3.7,85.9,3.7
Gymnosporia_emarginata,23.6421,72.3285,26.650000000000034,12.0,0.44099998474121094,459.20000000000005,39.650000000000034,12.550000000000011,27.1,28.750000000000057,26.05000000000001,32.150000000000034,20.05000000000001,769.6,302.0,0.9,153.8,655.8000000000001,4.0,81.9,4.3
Gymnosporia_emarginata,23.6758,68.5394,26.55000000000001,8.6,0.44200000762939456,349.90000000000003,33.85000000000002,14.350000000000023,19.5,28.750000000000057,25.55000000000001,29.950000000000045,21.05000000000001,318.90000000000003,123.30000000000001,0.5,142.70000000000002,249.0,5.9,155.0,6.1000000000000005
Gymnosporia_emarginata,24.269,72.512,26.150000000000034,11.700000000000001,0.4429999828338623,439.3,38.650000000000034,12.250000000000057,26.400000000000002,27.850000000000023,25.850000000000023,31.55000000000001,19.850000000000023,909.4000000000001,374.0,1.2000000000000002,161.70000000000002,796.1,5.7,73.60000000000001,7.1000000000000005
Gymnosporia_emarginata,24.3331,72.3078,26.55000000000001,11.8,0.4460000038146973,446.40000000000003,38.950000000000045,12.450000000000045,26.5,28.450000000000045,26.05000000000001,31.850000000000023,20.05000000000001,734.9000000000001,286.8,1.1,157.10000000000002,632.1,5.300000000000001,67.2,5.7
Gymnosporia_emarginata,24.5504,81.281,25.150000000000034,11.600000000000001,0.375,569.8000000000001,40.25000000000006,9.350000000000023,30.900000000000002,27.750000000000057,29.650000000000034,32.150000000000034,17.250000000000057,1185.1000000000001,357.20000000000005,6.1000000000000005,131.4,929.3000000000001,28.8,144.3,49.400000000000006
Gymnosporia_emarginata,24.5854,73.7125,24.750000000000057,11.600000000000001,0.4150000095367432,480.3,38.150000000000034,10.150000000000034,28.0,26.350000000000023,17.950000000000045,30.750000000000057,17.950000000000045,611.9,213.5,1.6,139.1,487.90000000000003,6.2,92.2,6.2
Gymnosporia_emarginata,24.9472,72.8649,26.05000000000001,12.3,0.4269999980926514,499.70000000000005,38.950000000000045,10.150000000000034,28.8,28.250000000000057,21.150000000000034,31.850000000000023,18.750000000000057,562.3000000000001,218.10000000000002,1.4000000000000001,152.20000000000002,470.5,6.6000000000000005,63.2,6.7
Gymnosporia_emarginata,24.992,72.8701,26.05000000000001,12.4,0.42899999618530277,505.70000000000005,39.05000000000007,10.150000000000034,28.900000000000002,28.450000000000045,21.150000000000034,32.05000000000001,18.750000000000057,524.7,204.3,1.3,152.0,437.40000000000003,6.2,60.400000000000006,6.300000000000001
Gymnosporia_emarginata,25.191,75.8075,26.850000000000023,12.0,0.3809999942779541,583.4,41.85000000000002,10.350000000000023,31.5,29.05000000000001,18.55000000000001,34.05000000000007,18.55000000000001,746.6,273.40000000000003,3.6,147.1,620.5,17.7,79.5,17.7
Gymnosporia_emarginata,25.2361,77.1322,24.650000000000034,11.5,0.3829999923706055,566.6,39.25000000000006,9.250000000000057,30.0,27.250000000000057,28.950000000000045,31.650000000000034,16.750000000000057,1006.6,349.6,4.3,142.6,812.6,19.900000000000002,110.30000000000001,28.700000000000003
Gymnosporia_emarginata,25.4729,78.5032,25.650000000000034,11.700000000000001,0.3700000047683716,615.4000000000001,40.950000000000045,9.450000000000045,31.5,28.750000000000057,24.850000000000023,33.05000000000001,17.05000000000001,923.9000000000001,282.1,5.4,133.6,737.7,25.8,104.4,33.4
Gymnosporia_emarginata,25.8007,73.3127,26.350000000000023,12.600000000000001,0.42300000190734866,560.3000000000001,39.85000000000002,10.050000000000011,29.8,29.450000000000045,18.250000000000057,32.650000000000034,18.250000000000057,441.8,161.60000000000002,1.7000000000000002,146.3,358.0,9.1,60.1,9.1
Gymnosporia_emarginata,25.8932,75.4622,25.750000000000057,12.5,0.3880000114440918,608.8000000000001,40.75000000000006,8.650000000000034,32.1,28.750000000000057,17.850000000000023,32.950000000000045,17.150000000000034,622.1,227.0,3.1,150.0,518.2,15.4,66.7,15.700000000000001
Gymnosporia_emarginata,26.0686,74.2251,25.250000000000057,11.9,0.4,559.4,38.950000000000045,9.150000000000034,29.8,27.950000000000045,17.250000000000057,31.850000000000023,17.250000000000057,494.0,177.3,2.2,144.70000000000002,396.70000000000005,11.600000000000001,70.2,11.600000000000001
Gymnosporia_emarginata,26.1952,75.8175,25.750000000000057,12.600000000000001,0.38499999046325684,638.2,40.950000000000045,8.150000000000034,32.800000000000004,29.350000000000023,17.55000000000001,33.05000000000001,16.650000000000034,640.5,238.8,3.9000000000000004,152.1,541.6,17.6,54.300000000000004,19.400000000000002
Gymnosporia_emarginata,26.5435,74.8371,24.950000000000045,12.100000000000001,0.3900000095367432,600.3000000000001,39.150000000000034,8.150000000000034,31.0,28.250000000000057,16.350000000000023,31.850000000000023,16.350000000000023,439.3,152.3,2.4000000000000004,134.6,340.40000000000003,14.0,61.0,14.0
Gymnosporia_emarginata,26.8708,75.8096,24.850000000000023,12.200000000000001,0.3869999885559082,623.8000000000001,39.450000000000045,7.9500000000000455,31.5,28.55000000000001,16.750000000000057,31.850000000000023,15.950000000000045,647.3000000000001,226.5,4.0,142.4,521.6,20.3,288.1,22.8
Gymnosporia_emarginata,26.8911,70.9531,26.950000000000045,12.600000000000001,0.40399999618530275,626.2,40.75000000000006,9.550000000000011,31.200000000000003,31.150000000000034,18.750000000000057,33.55000000000001,17.55000000000001,201.60000000000002,67.0,1.7000000000000002,133.9,152.3,8.1,88.60000000000001,9.0
Gymnosporia_emarginata,27.0582,74.4015,25.750000000000057,12.4,0.3930000066757202,623.0,39.75000000000006,8.150000000000034,31.6,29.55000000000001,17.650000000000034,32.650000000000034,16.650000000000034,356.0,117.9,2.0,126.30000000000001,259.2,12.100000000000001,174.70000000000002,12.600000000000001
Gymnosporia_emarginata,28.2114,76.9499,24.950000000000045,12.0,0.3759999990463257,672.5,39.450000000000045,7.650000000000034,31.8,29.750000000000057,20.350000000000023,32.450000000000045,15.250000000000057,640.4000000000001,181.4,6.0,118.80000000000001,467.8,25.0,278.8,35.4
Gymnosporia_emarginata,28.2459,77.0573,24.850000000000023,11.9,0.3759999990463257,669.8000000000001,39.35000000000002,7.650000000000034,31.700000000000003,29.650000000000034,20.150000000000034,32.25000000000006,15.250000000000057,721.6,201.3,7.0,116.9,524.2,28.700000000000003,310.40000000000003,41.900000000000006
Gymnosporia_emarginata,28.2589,76.1626,25.05000000000001,13.200000000000001,0.3950000047683716,690.7,39.85000000000002,6.550000000000011,33.300000000000004,30.150000000000034,20.150000000000034,32.650000000000034,15.150000000000034,478.6,137.9,4.1000000000000005,119.4,344.90000000000003,19.3,209.9,29.1
Gymnosporia_emarginata,28.4248,75.7969,25.250000000000057,13.100000000000001,0.3920000076293946,699.0,40.05000000000007,6.650000000000034,33.4,30.450000000000045,16.150000000000034,32.950000000000045,15.150000000000034,437.40000000000003,121.80000000000001,4.1000000000000005,111.9,301.5,19.400000000000002,194.0,29.200000000000003
Gymnosporia_emarginata,28.8094,76.1503,25.150000000000034,12.700000000000001,0.38499999046325684,707.4000000000001,39.950000000000045,7.050000000000011,32.9,30.650000000000034,20.250000000000057,32.950000000000045,15.050000000000011,482.70000000000005,134.6,4.3,113.10000000000001,340.8,21.1,198.8,32.9
Gymnosporia_senegalensis,11.2314,76.7668,25.850000000000023,8.6,0.5610000133514405,142.70000000000002,33.85000000000002,18.450000000000045,15.4,25.150000000000034,25.950000000000045,28.05000000000001,24.250000000000057,1193.9,225.60000000000002,14.0,61.0,493.3,67.60000000000001,227.3,206.10000000000002
Gymnosporia_senegalensis,11.2545,76.7542,22.250000000000057,8.6,0.5639999866485595,140.9,30.05000000000001,14.750000000000057,15.3,21.55000000000001,22.150000000000034,24.350000000000023,20.55000000000001,1398.1000000000001,259.6,16.6,60.300000000000004,569.4,79.7,268.3,237.4
Gymnosporia_senegalensis,11.7449,78.1702,27.05000000000001,10.0,0.5519999980926514,209.9,36.05000000000007,17.950000000000045,18.1,26.950000000000045,26.350000000000023,29.750000000000057,24.05000000000001,1126.8,219.10000000000002,6.6000000000000005,71.2,549.6,33.4,206.0,169.10000000000002
Gymnosporia_senegalensis,12.3012,79.0381,27.05000000000001,10.100000000000001,0.5179999828338623,260.1,36.85000000000002,17.350000000000023,19.5,26.150000000000034,25.150000000000034,30.150000000000034,23.450000000000045,1062.9,199.0,10.4,72.3,543.6,43.800000000000004,169.4,268.3
Gymnosporia_senegalensis,12.3131,79.0329,27.650000000000034,10.100000000000001,0.5150000095367432,266.2,37.55000000000007,17.950000000000045,19.6,26.750000000000057,25.650000000000034,30.750000000000057,24.05000000000001,1060.7,199.0,10.3,72.3,543.1,43.900000000000006,169.60000000000002,267.2
Gymnosporia_senegalensis,12.3222,79.0777,27.750000000000057,10.0,0.5110000133514404,266.2,37.650000000000034,18.05000000000001,19.6,26.850000000000023,25.650000000000034,30.850000000000023,24.150000000000034,1040.6000000000001,195.4,10.600000000000001,72.5,532.6,43.1,163.20000000000002,263.7
Gymnosporia_senegalensis,12.8057,77.5698,23.05000000000001,9.9,0.5570000171661377,188.5,32.25000000000006,14.450000000000045,17.8,22.450000000000045,21.350000000000023,25.850000000000023,20.750000000000057,907.2,175.9,1.9000000000000001,78.7,474.1,19.700000000000003,186.20000000000002,68.2
Gymnosporia_senegalensis,12.8182,77.5492,23.750000000000057,9.9,0.5539999961853027,188.3,33.05000000000001,15.150000000000034,17.900000000000002,23.150000000000034,22.150000000000034,26.650000000000034,21.450000000000045,881.2,170.70000000000002,1.8,78.80000000000001,461.1,18.3,179.60000000000002,64.5
Gymnosporia_senegalensis,13.8275,79.9539,28.250000000000057,8.1,0.4519999980926514,272.7,37.35000000000002,19.350000000000023,18.0,25.950000000000045,27.850000000000023,31.450000000000045,24.55000000000001,1175.0,291.7,5.800000000000001,95.9,713.2,34.0,194.5,181.4
Gymnosporia_senegalensis,16.7919,74.1894,23.450000000000045,10.0,0.5,204.0,34.55000000000007,14.550000000000011,20.0,22.950000000000045,23.05000000000001,26.55000000000001,21.150000000000034,1602.4,556.3000000000001,1.6,126.80000000000001,1168.2,7.9,94.7,30.6
Gymnosporia_senegalensis,17.1824,78.202,25.750000000000057,10.0,0.4630000114440918,306.3,36.75000000000006,15.250000000000057,21.5,25.250000000000057,22.650000000000034,30.05000000000001,21.950000000000045,880.8000000000001,187.0,5.800000000000001,96.2,539.9,20.0,75.9,41.300000000000004
Gymnosporia_senegalensis,17.2253,73.8066,21.250000000000057,10.3,0.5010000228881836,201.10000000000002,32.35000000000002,11.850000000000023,20.5,20.950000000000045,20.650000000000034,24.250000000000057,18.950000000000045,3902.0,1436.7,1.2000000000000002,137.6,3065.9,9.1,117.60000000000001,52.5
Gymnosporia_senegalensis,17.3152,78.2056,25.750000000000057,10.100000000000001,0.4610000133514405,316.6,36.950000000000045,15.050000000000011,21.900000000000002,25.250000000000057,22.55000000000001,30.150000000000034,21.850000000000023,954.4000000000001,212.8,5.300000000000001,100.2,604.0,19.900000000000002,73.4,40.5
Gymnosporia_senegalensis,17.3431,78.1673,25.850000000000023,10.100000000000001,0.4570000171661377,316.40000000000003,37.05000000000007,15.050000000000011,22.0,25.350000000000023,22.650000000000034,30.250000000000057,21.950000000000045,956.5,213.9,5.300000000000001,100.30000000000001,605.6,20.1,73.0,41.0
Gymnosporia_senegalensis,17.3625,78.3543,26.350000000000023,10.100000000000001,0.4590000152587891,316.6,37.55000000000007,15.550000000000011,22.0,25.850000000000023,23.05000000000001,30.650000000000034,22.350000000000023,840.6,186.8,4.6000000000000005,99.60000000000001,530.7,18.5,64.2,36.6
Gymnosporia_senegalensis,17.365,78.3539,26.350000000000023,10.100000000000001,0.4590000152587891,316.6,37.55000000000007,15.550000000000011,22.0,25.850000000000023,23.05000000000001,30.650000000000034,22.350000000000023,840.6,186.8,4.6000000000000005,99.60000000000001,530.7,18.5,64.2,36.6
Gymnosporia_senegalensis,17.3664,78.3528,26.350000000000023,10.100000000000001,0.4590000152587891,316.6,37.55000000000007,15.550000000000011,22.0,25.850000000000023,23.05000000000001,30.650000000000034,22.350000000000023,840.6,186.8,4.6000000000000005,99.60000000000001,530.7,18.5,64.2,36.6
Gymnosporia_senegalensis,17.3702,78.3646,26.350000000000023,10.100000000000001,0.4559999942779541,317.3,37.650000000000034,15.550000000000011,22.1,25.950000000000045,23.150000000000034,30.750000000000057,22.450000000000045,841.8000000000001,187.70000000000002,4.5,100.0,532.9,18.3,164.3,36.2
Gymnosporia_senegalensis,17.371,78.3648,26.350000000000023,10.100000000000001,0.4559999942779541,317.3,37.650000000000034,15.550000000000011,22.1,25.950000000000045,23.150000000000034,30.750000000000057,22.450000000000045,841.8000000000001,187.70000000000002,4.5,100.0,532.9,18.3,164.3,36.2
Gymnosporia_senegalensis,17.3775,78.3358,26.450000000000045,10.100000000000001,0.4570000171661377,319.1,37.650000000000034,15.550000000000011,22.1,25.950000000000045,23.150000000000034,30.750000000000057,22.450000000000045,847.8000000000001,190.0,4.5,100.5,538.7,18.2,63.300000000000004,35.9
Gymnosporia_senegalensis,17.4217,78.4128,25.850000000000023,10.100000000000001,0.4579999923706055,316.20000000000005,37.05000000000007,15.050000000000011,22.0,25.450000000000045,22.55000000000001,30.250000000000057,21.850000000000023,939.9000000000001,212.10000000000002,4.800000000000001,101.2,599.9,19.900000000000002,181.8,38.7
Gymnosporia_senegalensis,17.4301,78.2153,26.05000000000001,10.200000000000001,0.4559999942779541,321.5,37.35000000000002,15.050000000000011,22.3,25.650000000000034,22.750000000000057,30.450000000000045,22.05000000000001,906.0,204.4,4.800000000000001,100.9,577.0,19.400000000000002,177.8,38.6
Gymnosporia_senegalensis,17.4406,78.4028,25.950000000000045,10.100000000000001,0.4579999923706055,317.6,37.150000000000034,15.150000000000034,22.0,25.55000000000001,22.650000000000034,30.250000000000057,21.950000000000045,963.5,217.9,4.9,101.4,615.9000000000001,20.5,185.9,39.6
Gymnosporia_senegalensis,17.4433,78.2185,25.950000000000045,10.200000000000001,0.45399999618530273,321.20000000000005,37.35000000000002,14.950000000000045,22.400000000000002,25.55000000000001,22.650000000000034,30.450000000000045,21.950000000000045,918.7,207.8,4.800000000000001,101.2,586.2,19.6,179.60000000000002,38.900000000000006
Gymnosporia_senegalensis,17.4555,78.3204,26.05000000000001,10.200000000000001,0.4570000171661377,320.3,37.25000000000006,15.050000000000011,22.200000000000003,25.650000000000034,22.650000000000034,30.450000000000045,21.950000000000045,933.5,213.3,4.5,102.5,601.4,19.1,180.5,37.300000000000004
Gymnosporia_senegalensis,17.4581,78.3571,25.850000000000023,10.100000000000001,0.4570000171661377,319.1,37.150000000000034,14.950000000000045,22.200000000000003,25.450000000000045,22.450000000000045,30.250000000000057,21.850000000000023,971.3000000000001,221.70000000000002,4.7,102.4,625.4000000000001,19.900000000000002,187.5,38.7
Gymnosporia_senegalensis,17.4958,77.941,25.950000000000045,10.0,0.4480000019073487,322.40000000000003,37.35000000000002,15.050000000000011,22.3,25.350000000000023,22.750000000000057,30.450000000000045,21.950000000000045,1031.1000000000001,236.10000000000002,5.1000000000000005,101.9,657.8000000000001,19.700000000000003,77.7,40.800000000000004
Gymnosporia_senegalensis,17.5223,78.2674,26.250000000000057,10.200000000000001,0.45300002098083497,322.8,37.650000000000034,15.150000000000034,22.5,25.850000000000023,22.850000000000023,30.650000000000034,22.150000000000034,888.7,204.0,4.2,102.80000000000001,573.6,18.400000000000002,170.9,35.7
Gymnosporia_senegalensis,17.5228,78.1404,25.950000000000045,10.200000000000001,0.45300002098083497,323.70000000000005,37.35000000000002,14.950000000000045,22.400000000000002,25.55000000000001,22.650000000000034,30.450000000000045,21.950000000000045,962.6,219.70000000000002,4.9,101.80000000000001,616.4000000000001,20.200000000000003,188.8,40.1
Gymnosporia_senegalensis,17.5446,78.455,25.950000000000045,10.100000000000001,0.4570000171661377,318.5,37.150000000000034,15.150000000000034,22.0,25.55000000000001,22.55000000000001,30.350000000000023,21.950000000000045,1024.4,233.4,5.0,102.2,658.0,21.8,195.4,40.800000000000004
Gymnosporia_senegalensis,17.7437,78.0367,26.250000000000057,9.8,0.4440000057220459,322.6,37.450000000000045,15.450000000000045,22.0,25.950000000000045,22.750000000000057,30.650000000000034,22.150000000000034,1017.8000000000001,241.70000000000002,4.5,105.30000000000001,664.2,20.1,199.70000000000002,38.2
Gymnosporia_senegalensis,17.9175,73.6371,19.750000000000057,10.0,0.4820000171661377,224.60000000000002,31.05000000000001,10.350000000000023,20.700000000000003,19.750000000000057,18.850000000000023,22.950000000000045,17.05000000000001,4477.0,1677.4,0.7000000000000001,142.6,3633.8,7.800000000000001,100.30000000000001,56.2
Gymnosporia_senegalensis,17.9176,73.6378,19.750000000000057,10.0,0.4820000171661377,224.60000000000002,31.05000000000001,10.350000000000023,20.700000000000003,19.750000000000057,18.850000000000023,22.950000000000045,17.05000000000001,4477.0,1677.4,0.7000000000000001,142.6,3633.8,7.800000000000001,100.30000000000001,56.2
Gymnosporia_senegalensis,17.918,73.6371,19.750000000000057,10.0,0.4820000171661377,224.60000000000002,31.05000000000001,10.350000000000023,20.700000000000003,19.750000000000057,18.850000000000023,22.950000000000045,17.05000000000001,4477.0,1677.4,0.7000000000000001,142.6,3633.8,7.800000000000001,100.30000000000001,56.2
Gymnosporia_senegalensis,17.9224,73.6458,19.650000000000034,9.9,0.4829999923706055,223.10000000000002,30.950000000000045,10.350000000000023,20.6,19.650000000000034,18.750000000000057,22.850000000000023,16.950000000000045,4394.5,1644.6000000000001,0.7000000000000001,142.3,3561.6000000000004,7.9,100.0,57.1
Gymnosporia_senegalensis,17.9227,73.6459,19.650000000000034,9.9,0.4829999923706055,223.10000000000002,30.950000000000045,10.350000000000023,20.6,19.650000000000034,18.750000000000057,22.850000000000023,16.950000000000045,4394.5,1644.6000000000001,0.7000000000000001,142.3,3561.6000000000004,7.9,100.0,57.1
Gymnosporia_senegalensis,17.9307,73.6477,19.750000000000057,9.9,0.48499999046325687,223.3,30.950000000000045,10.450000000000045,20.5,19.750000000000057,18.950000000000045,22.950000000000045,17.05000000000001,4350.0,1628.1000000000001,0.7000000000000001,142.3,3524.3,7.9,98.9,56.900000000000006
Gymnosporia_senegalensis,17.9718,73.6396,20.150000000000034,10.0,0.48600001335144044,221.20000000000002,31.350000000000023,10.850000000000023,20.5,20.150000000000034,19.350000000000023,23.250000000000057,17.450000000000045,4140.400000000001,1556.7,0.7000000000000001,142.9,3362.6000000000004,7.300000000000001,92.30000000000001,50.900000000000006
Gymnosporia_senegalensis,18.0143,74.0133,22.950000000000045,10.4,0.4960000038146973,231.10000000000002,34.650000000000034,13.650000000000034,21.0,22.950000000000045,22.250000000000057,26.250000000000057,20.250000000000057,1198.7,358.90000000000003,0.8,115.10000000000001,816.6,7.5,55.300000000000004,42.400000000000006
Gymnosporia_senegalensis,18.0159,74.0147,22.950000000000045,10.4,0.4960000038146973,231.10000000000002,34.650000000000034,13.650000000000034,21.0,22.950000000000045,22.250000000000057,26.250000000000057,20.250000000000057,1198.7,358.90000000000003,0.8,115.10000000000001,816.6,7.5,55.300000000000004,42.400000000000006
Gymnosporia_senegalensis,18.1924,74.6059,26.150000000000034,11.4,0.5110000133514404,274.40000000000003,38.150000000000034,15.850000000000023,22.3,25.450000000000045,25.250000000000057,30.150000000000034,22.950000000000045,681.3000000000001,176.4,0.8,103.5,386.90000000000003,8.5,35.300000000000004,34.800000000000004
Gymnosporia_senegalensis,18.245,73.6945,22.150000000000034,10.200000000000001,0.5,207.4,33.25000000000006,12.950000000000045,20.3,22.150000000000034,21.350000000000023,25.150000000000034,19.650000000000034,2805.8,1030.0,0.9,137.70000000000002,2197.0,6.800000000000001,68.10000000000001,47.7
Gymnosporia_senegalensis,18.3919,73.7184,23.750000000000057,10.200000000000001,0.5090000152587891,198.4,34.85000000000002,14.750000000000057,20.1,23.750000000000057,22.950000000000045,26.55000000000001,21.450000000000045,1684.6000000000001,593.7,1.0,131.8,1270.1000000000001,5.4,45.2,38.800000000000004
Gymnosporia_senegalensis,18.413,74.0482,23.250000000000057,11.200000000000001,0.4960000038146973,260.1,35.75000000000006,13.150000000000034,22.6,22.850000000000023,22.250000000000057,26.950000000000045,20.150000000000034,819.7,214.20000000000002,1.0,106.30000000000001,502.5,5.9,35.9,38.2
Gymnosporia_senegalensis,18.4189,73.8576,23.450000000000045,10.600000000000001,0.5010000228881836,224.70000000000002,35.25000000000006,14.050000000000011,21.200000000000003,23.650000000000034,22.55000000000001,26.650000000000034,20.750000000000057,1147.9,364.5,1.1,120.30000000000001,802.2,5.7,40.5,38.300000000000004
Gymnosporia_senegalensis,18.4813,73.4369,23.350000000000023,10.4,0.5110000133514404,199.10000000000002,34.150000000000034,13.850000000000023,20.3,23.450000000000045,22.250000000000057,26.05000000000001,20.850000000000023,4404.2,1719.0,0.8,145.9,3586.8,5.300000000000001,66.8,9.4
Gymnosporia_senegalensis,18.5183,73.8258,24.350000000000023,10.600000000000001,0.5050000190734864,214.5,35.950000000000045,14.950000000000045,21.0,24.450000000000045,23.350000000000023,27.250000000000057,21.750000000000057,1078.1000000000001,342.3,1.0,120.4,752.7,5.2,37.6,9.200000000000001
Gymnosporia_senegalensis,18.5204,73.8567,24.650000000000034,10.700000000000001,0.5059999942779542,219.10000000000002,36.35000000000002,15.150000000000034,21.200000000000003,24.850000000000023,23.650000000000034,27.650000000000034,21.950000000000045,998.4000000000001,312.3,1.0,119.10000000000001,690.4000000000001,5.0,36.1,8.9
Gymnosporia_senegalensis,18.8826,73.1184,25.350000000000023,8.6,0.5210000038146972,185.3,32.950000000000045,16.450000000000045,16.5,25.850000000000023,23.750000000000057,27.750000000000057,22.750000000000057,3364.0,1229.8000000000002,0.5,142.8,2689.7000000000003,2.5,631.1,5.800000000000001
Gymnosporia_senegalensis,18.8861,73.4936,23.150000000000034,10.200000000000001,0.5050000190734864,208.4,33.75000000000006,13.450000000000045,20.3,23.250000000000057,22.150000000000034,25.950000000000045,20.55000000000001,3031.2000000000003,1080.4,0.9,136.5,2326.2000000000003,5.4,47.2,10.0
Gymnosporia_senegalensis,19.237,81.9436,24.750000000000057,10.4,0.4449999809265137,323.5,36.35000000000002,13.050000000000011,23.3,24.850000000000023,20.950000000000045,29.05000000000001,20.450000000000045,1468.3000000000002,381.8,7.1000000000000005,110.9,983.2,29.8,317.5,43.400000000000006
Gymnosporia_senegalensis,19.2822,73.6842,22.150000000000034,10.0,0.4869999885559082,231.5,33.450000000000045,12.850000000000023,20.6,21.950000000000045,21.250000000000057,25.450000000000045,19.450000000000045,2439.6,869.0,0.8,137.3,1874.5,4.6000000000000005,42.300000000000004,39.2
Gymnosporia_senegalensis,19.9781,75.4286,23.950000000000045,11.0,0.46599998474121096,349.1,36.950000000000045,13.250000000000057,23.700000000000003,23.750000000000057,25.650000000000034,28.950000000000045,19.750000000000057,1112.8,257.7,2.5,109.80000000000001,731.3000000000001,14.600000000000001,226.9,40.6
Gymnosporia_senegalensis,20.0377,73.7551,24.05000000000001,10.4,0.490999984741211,252.9,35.05000000000007,13.950000000000045,21.1,23.850000000000023,22.350000000000023,27.350000000000023,20.650000000000034,1217.2,391.1,0.7000000000000001,128.3,896.8000000000001,4.0,215.4,6.2
Gymnosporia_senegalensis,20.3759,78.1717,26.55000000000001,10.5,0.4,430.0,40.35000000000002,14.150000000000034,26.200000000000003,26.350000000000023,28.350000000000023,32.75000000000006,21.250000000000057,1201.4,331.40000000000003,6.6000000000000005,115.7,820.7,36.300000000000004,235.4,53.0
Gymnosporia_senegalensis,21.1748,76.2537,26.450000000000045,11.4,0.43800001144409184,407.20000000000005,40.05000000000007,14.050000000000011,26.0,26.850000000000023,27.350000000000023,32.05000000000001,21.250000000000057,952.1,262.8,2.2,124.7,703.7,12.8,157.3,16.1
Gymnosporia_senegalensis,21.2819,72.968,27.250000000000057,10.200000000000001,0.4829999923706055,277.2,37.05000000000007,16.05000000000001,21.0,27.750000000000057,27.450000000000045,30.650000000000034,23.150000000000034,1352.9,547.3000000000001,0.4,150.5,1091.6000000000001,2.5,209.70000000000002,4.1000000000000005
Gymnosporia_senegalensis,21.5054,73.0361,26.950000000000045,10.5,0.490999984741211,295.1,36.650000000000034,15.350000000000023,21.3,27.750000000000057,26.850000000000023,30.450000000000045,22.450000000000045,1348.1000000000001,520.2,0.4,146.8,1087.7,2.9000000000000004,205.9,4.7
Gymnosporia_senegalensis,21.5873,73.7075,25.350000000000023,10.100000000000001,0.4650000095367432,302.8,36.35000000000002,14.650000000000034,21.700000000000003,25.750000000000057,25.750000000000057,29.250000000000057,21.05000000000001,1703.0,610.2,1.0,144.9,1397.5,5.6000000000000005,240.10000000000002,6.1000000000000005
Gymnosporia_senegalensis,21.601,73.7376,24.950000000000045,10.0,0.46199998855590824,305.3,36.05000000000007,14.350000000000023,21.700000000000003,25.450000000000045,22.450000000000045,28.950000000000045,20.650000000000034,1773.7,630.3000000000001,1.1,144.20000000000002,1452.2,6.0,251.9,6.5
Gymnosporia_senegalensis,21.632,72.1328,27.150000000000034,7.300000000000001,0.403000020980835,306.2,35.650000000000034,17.450000000000045,18.2,28.950000000000045,22.55000000000001,30.750000000000057,22.55000000000001,870.5,295.0,0.2,139.20000000000002,674.7,2.4000000000000004,154.5,2.4000000000000004
Gymnosporia_senegalensis,21.7464,72.131,27.450000000000045,7.5,0.403000020980835,313.8,36.05000000000007,17.450000000000045,18.6,29.350000000000023,26.950000000000045,31.150000000000034,22.750000000000057,795.1,272.5,0.2,139.70000000000002,617.0,2.2,141.70000000000002,2.3000000000000003
Gymnosporia_senegalensis,21.8672,73.1781,27.05000000000001,10.8,0.4690000057220459,336.90000000000003,37.950000000000045,14.950000000000045,23.0,28.150000000000034,26.950000000000045,31.150000000000034,22.150000000000034,1093.1000000000001,388.8,0.4,142.6,885.6,2.8000000000000003,160.10000000000002,4.4
Gymnosporia_senegalensis,21.8856,73.7024,27.250000000000057,10.700000000000001,0.4760000228881836,316.1,38.150000000000034,15.750000000000057,22.400000000000002,27.55000000000001,27.850000000000023,31.250000000000057,22.750000000000057,1193.2,408.90000000000003,0.9,142.0,974.3000000000001,4.3,162.9,5.6000000000000005
Gymnosporia_senegalensis,21.9408,69.9907,26.250000000000057,11.4,0.48800001144409183,325.0,37.35000000000002,13.950000000000045,23.400000000000002,28.450000000000045,21.350000000000023,29.950000000000045,21.350000000000023,792.9000000000001,306.5,0.4,145.4,631.7,2.1,140.70000000000002,2.1
Gymnosporia_senegalensis,21.9711,74.1186,27.250000000000057,10.8,0.46700000762939453,326.8,38.85000000000002,15.650000000000034,23.200000000000003,27.350000000000023,24.850000000000023,31.55000000000001,22.750000000000057,1191.1000000000001,397.40000000000003,1.8,138.70000000000002,950.4000000000001,6.6000000000000005,178.20000000000002,7.1000000000000005
Gymnosporia_senegalensis,21.9826,73.4313,27.150000000000034,11.200000000000001,0.4710000038146973,344.90000000000003,38.650000000000034,14.850000000000023,23.8,27.950000000000045,27.250000000000057,31.450000000000045,22.150000000000034,1167.0,407.0,0.5,143.5,959.5,3.6,156.60000000000002,5.300000000000001
Gymnosporia_senegalensis,22.0921,74.055,26.650000000000034,11.0,0.4690000057220459,338.6,38.450000000000045,15.050000000000011,23.400000000000002,27.05000000000001,27.350000000000023,31.150000000000034,22.05000000000001,1053.6000000000001,355.20000000000005,1.5,140.6,851.6,5.6000000000000005,145.70000000000002,6.5
Gymnosporia_senegalensis,22.1839,73.2146,27.250000000000057,11.4,0.46799998283386235,359.40000000000003,39.05000000000007,14.750000000000057,24.3,28.350000000000023,27.250000000000057,31.750000000000057,22.05000000000001,1030.4,370.40000000000003,0.5,144.6,848.0,3.3000000000000003,138.0,4.6000000000000005
Gymnosporia_senegalensis,22.257,71.1681,26.350000000000023,11.9,0.45500001907348636,374.70000000000005,39.450000000000045,13.350000000000023,26.1,28.450000000000045,20.850000000000023,30.950000000000045,20.850000000000023,865.2,329.90000000000003,0.4,144.4,689.0,2.7,170.8,2.7
Gymnosporia_senegalensis,22.2736,71.2039,26.450000000000045,11.9,0.45399999618530273,375.70000000000005,39.450000000000045,13.350000000000023,26.1,28.55000000000001,20.950000000000045,31.05000000000001,20.950000000000045,865.2,328.5,0.4,144.0,687.5,2.8000000000000003,171.10000000000002,2.8000000000000003
Gymnosporia_senegalensis,22.2882,74.0502,26.350000000000023,11.0,0.46399998664855957,348.90000000000003,38.25000000000006,14.550000000000011,23.700000000000003,26.950000000000045,26.750000000000057,30.950000000000045,21.450000000000045,1167.6000000000001,400.1,1.1,143.8,960.3000000000001,5.2,153.70000000000002,6.1000000000000005
Gymnosporia_senegalensis,22.3072,73.1812,27.250000000000057,11.5,0.46599998474121096,367.3,39.25000000000006,14.550000000000011,24.700000000000003,28.350000000000023,27.350000000000023,31.850000000000023,22.05000000000001,1043.0,381.8,0.5,146.1,864.7,3.5,134.4,4.800000000000001
Gymnosporia_senegalensis,22.3633,73.1658,27.250000000000057,11.5,0.46399998664855957,370.5,39.35000000000002,14.550000000000011,24.8,28.350000000000023,27.250000000000057,31.950000000000045,21.950000000000045,1036.9,383.8,0.5,147.1,863.6,3.6,130.4,4.9
Gymnosporia_senegalensis,22.3634,73.7312,26.750000000000057,11.100000000000001,0.46700000762939453,354.0,38.450000000000045,14.750000000000057,23.700000000000003,27.650000000000034,26.850000000000023,31.250000000000057,21.750000000000057,1137.9,403.0,0.5,146.70000000000002,952.6,4.3,137.3,5.4
Gymnosporia_senegalensis,22.3822,75.0759,26.850000000000023,11.3,0.43800001144409184,402.5,40.05000000000007,14.350000000000023,25.700000000000003,27.05000000000001,27.850000000000023,32.35000000000002,21.55000000000001,978.2,295.6,1.4000000000000001,138.20000000000002,787.4000000000001,4.6000000000000005,144.0,5.300000000000001
Gymnosporia_senegalensis,22.462,73.5241,23.750000000000057,11.100000000000001,0.4480000019073487,390.1,36.150000000000034,11.350000000000023,24.8,25.250000000000057,23.350000000000023,28.650000000000034,18.250000000000057,1393.4,504.70000000000005,0.5,147.5,1171.1000000000001,5.0,163.9,7.2
Gymnosporia_senegalensis,22.4882,71.168,26.450000000000045,11.8,0.4480000019073487,392.70000000000005,39.25000000000006,12.950000000000045,26.3,29.05000000000001,20.55000000000001,31.05000000000001,20.55000000000001,730.7,283.2,0.4,144.9,582.6,2.4000000000000004,143.3,2.4000000000000004
Gymnosporia_senegalensis,22.5076,73.1084,27.150000000000034,11.5,0.4610000133514405,379.70000000000005,39.35000000000002,14.350000000000023,25.0,28.450000000000045,27.150000000000034,31.950000000000045,21.750000000000057,983.3000000000001,373.8,0.5,149.5,828.5,3.7,115.2,4.800000000000001
Gymnosporia_senegalensis,22.5183,70.0826,26.750000000000057,7.9,0.42500000000000004,312.40000000000003,34.450000000000045,15.950000000000045,18.5,28.450000000000045,21.850000000000023,29.950000000000045,21.850000000000023,655.1,284.90000000000003,0.2,156.5,540.2,1.6,368.70000000000005,1.6
Gymnosporia_senegalensis,22.5335,71.2536,26.750000000000057,11.8,0.4480000019073487,397.5,39.450000000000045,13.150000000000034,26.3,29.350000000000023,20.850000000000023,31.350000000000023,20.850000000000023,692.4000000000001,266.90000000000003,0.4,144.6,552.0,2.2,135.8,2.2
Gymnosporia_senegalensis,22.5353,71.2559,26.750000000000057,11.8,0.4480000019073487,397.5,39.450000000000045,13.150000000000034,26.3,29.350000000000023,20.850000000000023,31.350000000000023,20.850000000000023,692.4000000000001,266.90000000000003,0.4,144.6,552.0,2.2,135.8,2.2
Gymnosporia_senegalensis,22.5383,71.2586,26.750000000000057,11.8,0.4480000019073487,398.0,39.450000000000045,13.150000000000034,26.3,29.250000000000057,20.750000000000057,31.350000000000023,20.750000000000057,697.5,268.6,0.4,144.5,555.8000000000001,2.3000000000000003,136.6,2.3000000000000003
Gymnosporia_senegalensis,22.5616,73.222,27.150000000000034,11.5,0.4579999923706055,381.70000000000005,39.450000000000045,14.350000000000023,25.1,28.350000000000023,27.150000000000034,32.05000000000001,21.750000000000057,1021.3000000000001,386.1,0.5,149.70000000000002,863.4000000000001,3.9000000000000004,116.60000000000001,5.300000000000001
Gymnosporia_senegalensis,22.6236,70.9616,26.750000000000057,12.0,0.45399999618530273,402.5,39.35000000000002,12.950000000000045,26.400000000000002,29.650000000000034,20.650000000000034,31.250000000000057,20.650000000000034,653.3000000000001,260.8,0.4,146.70000000000002,523.4,1.9000000000000001,125.2,1.9000000000000001
Gymnosporia_senegalensis,22.6392,78.153,25.850000000000023,11.3,0.4,470.5,40.150000000000034,12.050000000000011,28.1,26.650000000000034,26.450000000000045,32.25000000000006,19.650000000000034,1361.2,452.5,2.1,140.3,1104.8,21.6,164.8,30.200000000000003
Gymnosporia_senegalensis,23.0225,72.5714,27.05000000000001,11.8,0.4480000019073487,425.8,39.950000000000045,13.550000000000011,26.400000000000002,28.850000000000023,23.05000000000001,32.25000000000006,20.950000000000045,877.2,358.0,0.7000000000000001,157.0,747.8000000000001,2.6,100.10000000000001,3.0
Gymnosporia_senegalensis,23.3274,69.8647,27.05000000000001,11.9,0.4590000152587891,402.1,38.650000000000034,12.750000000000057,25.900000000000002,28.850000000000023,20.850000000000023,31.150000000000034,20.850000000000023,463.8,188.3,0.2,149.3,380.0,2.0,47.6,2.0
Gymnosporia_senegalensis,23.4828,69.2612,26.850000000000023,11.4,0.46700000762939453,385.70000000000005,37.35000000000002,12.950000000000045,24.400000000000002,28.850000000000023,26.350000000000023,30.650000000000034,20.850000000000023,348.5,137.70000000000002,0.30000000000000004,144.0,276.5,3.2,34.7,3.2
Gymnosporia_senegalensis,23.5814,72.3392,26.750000000000057,11.9,0.44099998474121094,457.70000000000005,39.75000000000006,12.750000000000057,27.0,28.850000000000023,26.150000000000034,32.150000000000034,20.150000000000034,775.2,305.0,1.0,153.9,660.4000000000001,3.9000000000000004,83.80000000000001,4.0
Gymnosporia_senegalensis,23.743,72.4625,26.55000000000001,12.0,0.4429999828338623,455.1,39.450000000000045,12.450000000000045,27.0,28.450000000000045,25.950000000000045,31.950000000000045,19.950000000000045,775.5,310.1,0.9,155.60000000000002,664.6,4.3,78.30000000000001,4.800000000000001
Gymnosporia_senegalensis,23.8375,73.0726,26.05000000000001,11.5,0.4429999828338623,433.5,38.650000000000034,12.650000000000034,26.0,27.650000000000034,25.650000000000034,31.450000000000045,19.850000000000023,876.8000000000001,354.3,0.6000000000000001,158.70000000000002,774.4000000000001,3.4000000000000004,71.0,4.9
Gymnosporia_senegalensis,23.9663,72.7541,25.250000000000057,11.8,0.4429999828338623,446.8,38.150000000000034,11.450000000000045,26.700000000000003,27.05000000000001,24.650000000000034,30.650000000000034,18.850000000000023,847.0,348.40000000000003,0.8,160.5,742.2,4.4,70.60000000000001,5.800000000000001
Gymnosporia_senegalensis,24.0149,85.4109,22.950000000000045,10.100000000000001,0.3799999952316284,489.20000000000005,35.650000000000034,9.050000000000011,26.6,25.750000000000057,16.150000000000034,28.450000000000045,15.950000000000045,1409.7,369.1,10.700000000000001,111.30000000000001,948.8000000000001,42.5,304.40000000000003,50.6
Gymnosporia_senegalensis,24.1672,86.2872,24.55000000000001,10.3,0.3880000114440918,490.8,36.75000000000006,10.150000000000034,26.6,27.450000000000045,17.750000000000057,29.750000000000057,17.250000000000057,1442.4,368.40000000000003,9.200000000000001,107.80000000000001,962.5,43.5,307.8,45.0
Gymnosporia_senegalensis,24.5485,73.9108,25.05000000000001,12.0,0.4150000095367432,501.40000000000003,39.05000000000007,10.150000000000034,28.900000000000002,26.750000000000057,17.950000000000045,31.450000000000045,17.950000000000045,669.2,231.9,1.6,142.3,544.1,6.5,93.10000000000001,6.5
Gymnosporia_senegalensis,24.6791,76.5653,26.250000000000057,11.8,0.3880000114440918,558.1,41.25000000000006,10.750000000000057,30.5,28.150000000000034,25.950000000000045,33.450000000000045,18.55000000000001,1061.3,383.70000000000005,2.9000000000000004,150.0,883.9000000000001,14.3,107.4,19.1
Gymnosporia_senegalensis,24.6943,80.2288,24.350000000000023,11.200000000000001,0.37300000190734867,558.7,39.05000000000007,9.150000000000034,29.900000000000002,26.850000000000023,28.750000000000057,31.250000000000057,16.650000000000034,1387.9,416.40000000000003,7.1000000000000005,133.4,1111.8,30.700000000000003,158.20000000000002,54.6
Gymnosporia_senegalensis,24.7894,75.3747,25.55000000000001,11.200000000000001,0.38599998950958253,527.0,39.75000000000006,10.750000000000057,29.0,27.450000000000045,20.650000000000034,32.25000000000006,18.250000000000057,893.1,317.8,2.8000000000000003,149.8,751.3000000000001,13.700000000000001,95.10000000000001,13.9
Gymnosporia_senegalensis,24.8967,75.8678,25.55000000000001,11.5,0.3829999923706055,550.4,40.150000000000034,10.050000000000011,30.1,27.55000000000001,25.150000000000034,32.55000000000001,17.850000000000023,1003.6,360.0,4.1000000000000005,149.20000000000002,839.8000000000001,17.3,104.60000000000001,17.7
Gymnosporia_senegalensis,25.0009,73.0631,25.350000000000023,12.200000000000001,0.4239999771118164,503.40000000000003,38.35000000000002,9.650000000000034,28.700000000000003,27.750000000000057,20.55000000000001,31.350000000000023,18.150000000000034,540.7,212.10000000000002,1.3,151.1,448.5,6.4,65.60000000000001,6.6000000000000005
Gymnosporia_senegalensis,25.2424,77.3739,24.950000000000045,11.4,0.3789999961853028,571.0,39.450000000000045,9.350000000000023,30.1,27.55000000000001,29.150000000000034,31.850000000000023,16.950000000000045,951.8000000000001,329.6,3.9000000000000004,141.5,767.1,20.6,107.0,28.6
Gymnosporia_senegalensis,25.2455,77.3814,24.850000000000023,11.5,0.3819999933242798,570.0,39.35000000000002,9.350000000000023,30.0,27.450000000000045,29.05000000000001,31.750000000000057,16.850000000000023,958.3000000000001,331.6,3.9000000000000004,141.3,772.1,20.8,107.60000000000001,29.0
Gymnosporia_senegalensis,25.2842,73.6809,22.850000000000023,11.5,0.40799999237060547,497.1,35.950000000000045,7.850000000000023,28.1,24.950000000000045,15.750000000000057,28.850000000000023,15.750000000000057,801.1,279.1,2.6,141.1,636.9000000000001,10.8,130.70000000000002,10.8
Gymnosporia_senegalensis,25.4102,78.6369,25.950000000000045,11.600000000000001,0.36700000762939455,611.7,41.25000000000006,9.650000000000034,31.6,28.850000000000023,30.350000000000023,33.25000000000006,17.350000000000023,920.7,281.7,5.2,133.3,734.2,26.1,101.4,35.9
Gymnosporia_senegalensis,25.4726,80.3159,26.05000000000001,11.8,0.3710000038146973,622.9000000000001,41.25000000000006,9.350000000000023,31.900000000000002,29.450000000000045,30.250000000000057,33.25000000000006,17.150000000000034,929.1,289.7,4.2,131.70000000000002,744.0,25.1,97.0,39.900000000000006
Gymnosporia_senegalensis,26.0913,76.4872,25.650000000000034,12.3,0.3809999942779541,629.9000000000001,40.75000000000006,8.350000000000023,32.4,28.950000000000045,24.350000000000023,32.85000000000002,16.650000000000034,712.4000000000001,240.70000000000002,5.9,142.1,579.4,20.8,69.8,23.0
Gymnosporia_senegalensis,26.1001,78.3065,24.950000000000045,11.700000000000001,0.3700000047683716,627.5,40.05000000000007,8.450000000000045,31.6,28.450000000000045,23.950000000000045,32.25000000000006,16.150000000000034,954.0,292.0,6.0,132.20000000000002,763.4000000000001,25.5,108.4,32.2
Gymnosporia_senegalensis,26.1155,80.5188,25.450000000000045,11.3,0.3700000047683716,615.6,39.85000000000002,9.250000000000057,30.6,29.250000000000057,29.250000000000057,32.35000000000002,16.650000000000034,878.4000000000001,258.8,3.7,127.5,688.9000000000001,25.700000000000003,94.10000000000001,42.1
Gymnosporia_senegalensis,26.3292,73.0244,26.350000000000023,12.5,0.41100001335144043,582.2,39.85000000000002,9.350000000000023,30.5,29.650000000000034,17.850000000000023,32.75000000000006,17.850000000000023,388.5,135.4,1.7000000000000002,139.20000000000002,303.40000000000003,11.4,60.400000000000006,11.4
Gymnosporia_senegalensis,26.798,75.3499,25.150000000000034,12.700000000000001,0.3930000066757202,637.5,39.75000000000006,7.550000000000011,32.2,29.05000000000001,16.850000000000023,32.25000000000006,15.950000000000045,585.1,208.8,3.5,141.1,465.8,20.0,270.5,21.200000000000003
Gymnosporia_senegalensis,26.8619,75.8171,24.950000000000045,12.200000000000001,0.38599998950958253,623.3000000000001,39.55000000000007,7.9500000000000455,31.6,28.650000000000034,16.850000000000023,31.950000000000045,16.05000000000001,652.8000000000001,228.60000000000002,4.0,142.70000000000002,526.7,20.3,290.3,22.8
Gymnosporia_senegalensis,26.867,75.8162,24.850000000000023,12.200000000000001,0.3869999885559082,623.8000000000001,39.450000000000045,7.9500000000000455,31.5,28.55000000000001,16.750000000000057,31.850000000000023,15.950000000000045,647.3000000000001,226.5,4.0,142.4,521.6,20.3,288.1,22.8
Gymnosporia_senegalensis,26.8678,75.8129,24.850000000000023,12.200000000000001,0.3869999885559082,623.8000000000001,39.450000000000045,7.9500000000000455,31.5,28.55000000000001,16.750000000000057,31.850000000000023,15.950000000000045,647.3000000000001,226.5,4.0,142.4,521.6,20.3,288.1,22.8
Gymnosporia_senegalensis,26.8715,75.8105,24.850000000000023,12.200000000000001,0.3869999885559082,623.8000000000001,39.450000000000045,7.9500000000000455,31.5,28.55000000000001,16.750000000000057,31.850000000000023,15.950000000000045,647.3000000000001,226.5,4.0,142.4,521.6,20.3,288.1,22.8
Gymnosporia_senegalensis,26.8725,75.8118,24.850000000000023,12.200000000000001,0.3869999885559082,623.8000000000001,39.450000000000045,7.9500000000000455,31.5,28.55000000000001,16.750000000000057,31.850000000000023,15.950000000000045,647.3000000000001,226.5,4.0,142.4,521.6,20.3,288.1,22.8
Gymnosporia_senegalensis,26.8736,75.812,24.850000000000023,12.200000000000001,0.3869999885559082,623.8000000000001,39.450000000000045,7.9500000000000455,31.5,28.55000000000001,16.750000000000057,31.850000000000023,15.950000000000045,647.3000000000001,226.5,4.0,142.4,521.6,20.3,288.1,22.8
Gymnosporia_senegalensis,26.8885,75.814,24.850000000000023,12.200000000000001,0.3869999885559082,623.7,39.450000000000045,7.9500000000000455,31.5,28.55000000000001,16.750000000000057,31.850000000000023,15.950000000000045,649.2,226.3,4.0,142.1,522.2,20.3,288.8,22.900000000000002
Gymnosporia_senegalensis,27.1816,84.0593,24.850000000000023,10.4,0.3900000095367432,529.4,36.150000000000034,9.450000000000045,26.700000000000003,28.650000000000034,17.750000000000057,30.150000000000034,16.950000000000045,1679.4,487.8,5.7,117.60000000000001,1183.3,38.400000000000006,361.6,49.2
Gymnosporia_senegalensis,27.3644,76.4123,24.850000000000023,11.700000000000001,0.3759999990463257,629.0,39.25000000000006,8.150000000000034,31.1,28.850000000000023,16.650000000000034,31.850000000000023,15.750000000000057,718.6,248.60000000000002,5.5,134.1,557.8000000000001,22.5,295.3,25.5
Gymnosporia_senegalensis,27.8107,74.4351,26.150000000000034,12.600000000000001,0.38499999046325684,670.8000000000001,40.35000000000002,7.650000000000034,32.7,32.05000000000001,17.350000000000023,33.35000000000002,16.350000000000023,338.5,97.60000000000001,2.4000000000000004,109.80000000000001,225.4,13.8,166.9,17.8
Gymnosporia_senegalensis,28.6154,77.1683,24.55000000000001,11.9,0.3769999980926514,673.3000000000001,39.05000000000007,7.4500000000000455,31.6,29.55000000000001,19.850000000000023,32.05000000000001,14.950000000000045,633.4000000000001,169.8,6.300000000000001,113.0,450.90000000000003,23.700000000000003,265.40000000000003,43.300000000000004
Gymnosporia_senegalensis,31.9429,77.0944,12.250000000000057,12.100000000000001,0.4199999809265137,634.5,24.250000000000057,-4.649999999999977,28.900000000000002,19.450000000000045,8.450000000000045,20.05000000000001,3.650000000000034,1595.6000000000001,367.70000000000005,24.900000000000002,77.30000000000001,855.0,119.30000000000001,817.3000000000001,252.8
Cassine_glauca,8.5311,77.4362,21.05000000000001,9.0,0.6150000095367432,147.4,27.850000000000023,13.250000000000057,14.600000000000001,20.55000000000001,20.250000000000057,22.750000000000057,18.950000000000045,1474.4,299.0,36.1,67.10000000000001,708.6,137.70000000000002,355.5,441.70000000000005
Cassine_glauca,8.9329,77.2715,26.350000000000023,9.200000000000001,0.5889999866485596,119.30000000000001,35.05000000000007,19.450000000000045,15.600000000000001,25.650000000000034,27.05000000000001,28.250000000000057,25.350000000000023,1351.0,259.8,29.700000000000003,62.800000000000004,617.2,138.4,276.40000000000003,379.90000000000003
Cassine_glauca,9.6118,77.4167,23.850000000000023,9.9,0.6059999942779541,153.20000000000002,31.950000000000045,15.550000000000011,16.400000000000002,23.150000000000034,23.55000000000001,26.05000000000001,21.850000000000023,1048.5,223.9,24.200000000000003,69.9,534.5,101.0,220.10000000000002,290.0
Cassine_glauca,9.6119,77.4167,23.850000000000023,9.9,0.6059999942779541,153.20000000000002,31.950000000000045,15.550000000000011,16.400000000000002,23.150000000000034,23.55000000000001,26.05000000000001,21.850000000000023,1048.5,223.9,24.200000000000003,69.9,534.5,101.0,220.10000000000002,290.0
Cassine_glauca,10.1042,78.2328,25.950000000000045,10.200000000000001,0.5739999771118164,204.70000000000002,34.75000000000006,17.05000000000001,17.7,25.05000000000001,24.950000000000045,28.350000000000023,23.05000000000001,1140.4,244.5,16.7,72.2,591.1,62.2,203.3,280.8
Cassine_glauca,10.2525,77.1943,22.450000000000045,7.9,0.590999984741211,111.4,29.250000000000057,15.950000000000045,13.3,21.850000000000023,22.650000000000034,24.150000000000034,21.150000000000034,1768.7,295.3,24.3,52.800000000000004,698.4000000000001,135.9,408.20000000000005,344.6
Cassine_glauca,10.2667,77.5167,19.55000000000001,9.200000000000001,0.6110000133514405,142.4,26.55000000000001,11.550000000000011,15.0,18.950000000000045,18.850000000000023,21.250000000000057,17.55000000000001,1549.2,294.8,23.3,62.0,737.5,119.60000000000001,344.3,390.6
Cassine_glauca,10.314,76.8664,21.750000000000057,7.5,0.5650000095367432,100.7,29.350000000000023,16.05000000000001,13.3,20.850000000000023,21.850000000000023,23.250000000000057,20.750000000000057,4383.8,843.8000000000001,33.300000000000004,70.3,2157.4,153.60000000000002,496.3,1812.7
Cassine_glauca,10.3692,76.9941,19.350000000000023,7.800000000000001,0.5469999790191651,115.5,26.950000000000045,12.650000000000034,14.3,18.750000000000057,18.650000000000034,21.150000000000034,18.250000000000057,3192.5,573.9,28.1,64.0,1433.8000000000002,134.70000000000002,653.9000000000001,368.90000000000003
Cassine_glauca,10.4637,76.8294,23.450000000000045,7.800000000000001,0.5369999885559082,131.4,31.950000000000045,17.350000000000023,14.600000000000001,22.350000000000023,23.250000000000057,25.450000000000045,22.350000000000023,2856.9,599.7,19.6,77.30000000000001,1508.1000000000001,92.10000000000001,459.6,1246.0
Cassine_glauca,10.4667,76.8295,23.150000000000034,7.9,0.5320000171661378,132.8,31.750000000000057,16.950000000000045,14.8,22.05000000000001,22.950000000000045,25.150000000000034,22.05000000000001,2854.7000000000003,600.6,19.6,77.5,1509.1000000000001,92.2,454.0,1246.4
Cassine_glauca,10.4784,76.8346,23.250000000000057,7.9,0.534000015258789,132.6,31.750000000000057,16.950000000000045,14.8,22.150000000000034,22.950000000000045,25.250000000000057,22.150000000000034,2789.5,583.3000000000001,19.3,76.9,1463.4,93.10000000000001,440.8,1211.3
Cassine_glauca,10.4809,76.8313,22.950000000000045,7.9,0.5329999923706055,131.6,31.55000000000001,16.750000000000057,14.8,21.950000000000045,22.750000000000057,25.05000000000001,21.950000000000045,2840.7000000000003,598.7,19.5,77.7,1503.2,92.10000000000001,446.40000000000003,1241.0
Cassine_glauca,10.4839,76.8321,22.650000000000034,7.9,0.5300000190734864,130.6,31.250000000000057,16.350000000000023,14.9,21.650000000000034,22.350000000000023,24.650000000000034,21.650000000000034,2815.7000000000003,594.1,19.0,77.80000000000001,1490.4,92.10000000000001,437.0,1230.0
Cassine_glauca,10.5,79.5,28.650000000000034,8.0,0.5420000076293946,214.9,36.150000000000034,21.350000000000023,14.8,26.650000000000034,28.350000000000023,31.05000000000001,25.750000000000057,1229.0,332.6,19.700000000000003,87.0,712.4000000000001,89.5,171.4,553.9
Cassine_glauca,11.246,76.7607,24.650000000000034,8.6,0.5639999866485595,141.9,32.55000000000001,17.250000000000057,15.3,24.05000000000001,24.750000000000057,26.850000000000023,23.05000000000001,1303.7,244.70000000000002,15.4,60.7,535.6,73.9,249.4,222.8
Cassine_glauca,11.2545,76.7542,22.250000000000057,8.6,0.5639999866485595,140.9,30.05000000000001,14.750000000000057,15.3,21.55000000000001,22.150000000000034,24.350000000000023,20.55000000000001,1398.1000000000001,259.6,16.6,60.300000000000004,569.4,79.7,268.3,237.4
Cassine_glauca,11.2571,76.7559,22.250000000000057,8.6,0.5639999866485595,140.9,30.05000000000001,14.750000000000057,15.3,21.55000000000001,22.150000000000034,24.350000000000023,20.55000000000001,1398.1000000000001,259.6,16.6,60.300000000000004,569.4,79.7,268.3,237.4
Cassine_glauca,11.4,76.7,13.650000000000034,8.9,0.5730000019073487,138.0,21.250000000000057,5.750000000000057,15.5,12.950000000000045,13.450000000000045,15.650000000000034,11.850000000000023,1516.2,268.0,19.3,57.5,600.4,93.4,292.3,273.90000000000003
Cassine_glauca,11.6124,77.0963,20.650000000000034,10.0,0.5789999961853027,174.3,29.250000000000057,12.050000000000011,17.2,19.950000000000045,20.150000000000034,23.05000000000001,18.350000000000023,1163.7,266.7,11.200000000000001,74.9,581.0,55.5,288.8,222.20000000000002
Cassine_glauca,11.65,78.1667,27.450000000000045,10.0,0.5510000228881836,210.5,36.55000000000007,18.350000000000023,18.2,27.250000000000057,26.850000000000023,30.250000000000057,24.55000000000001,980.0,193.4,6.1000000000000005,70.8,472.3,30.3,173.3,160.3
Cassine_glauca,11.6563,77.0623,22.05000000000001,10.0,0.5789999961853027,171.0,30.850000000000023,13.550000000000011,17.3,21.350000000000023,21.750000000000057,24.55000000000001,19.850000000000023,1027.1000000000001,235.60000000000002,9.200000000000001,74.8,506.6,46.7,256.0,185.9
Cassine_glauca,11.6791,76.58,21.55000000000001,10.200000000000001,0.5619999885559083,153.9,31.05000000000001,12.850000000000023,18.2,21.05000000000001,21.950000000000045,24.05000000000001,19.950000000000045,1335.2,252.3,6.4,71.60000000000001,622.3000000000001,42.300000000000004,230.10000000000002,137.70000000000002
Cassine_glauca,11.6912,77.5702,26.55000000000001,10.200000000000001,0.5869999885559082,178.60000000000002,35.35000000000002,18.05000000000001,17.3,25.650000000000034,26.150000000000034,28.950000000000045,24.150000000000034,1046.3,236.70000000000002,8.0,74.0,511.8,47.1,252.8,175.60000000000002
Cassine_glauca,11.6946,76.6362,22.750000000000057,10.3,0.5650000095367432,158.70000000000002,32.150000000000034,13.950000000000045,18.2,22.250000000000057,23.150000000000034,25.250000000000057,21.05000000000001,1143.7,191.3,6.1000000000000005,67.3,480.0,39.800000000000004,210.4,135.3
Cassine_glauca,11.7804,76.4683,23.05000000000001,10.3,0.5570000171661377,150.9,32.85000000000002,14.350000000000023,18.5,22.250000000000057,23.55000000000001,25.450000000000045,21.55000000000001,1126.3,237.9,4.3,79.10000000000001,582.1,29.700000000000003,175.5,94.2
Cassine_glauca,11.7829,78.211,20.150000000000034,10.0,0.5880000114440919,184.4,28.55000000000001,11.550000000000011,17.0,19.950000000000045,19.650000000000034,22.55000000000001,17.55000000000001,1259.4,242.70000000000002,8.200000000000001,69.8,605.6,41.2,236.8,197.5
Cassine_glauca,11.8917,76.85,23.950000000000045,10.600000000000001,0.5710000038146973,169.70000000000002,33.55000000000001,14.950000000000045,18.6,22.950000000000045,24.250000000000057,26.55000000000001,21.950000000000045,753.9000000000001,169.9,4.3,71.10000000000001,337.5,30.5,181.8,106.5
Cassine_glauca,11.9523,78.1942,26.55000000000001,9.9,0.5550000190734864,212.60000000000002,35.450000000000045,17.55000000000001,17.900000000000002,26.750000000000057,25.650000000000034,29.150000000000034,23.55000000000001,1042.7,210.5,6.7,72.0,514.0,35.4,200.9,161.70000000000002
Cassine_glauca,11.9523,79.7659,27.750000000000057,4.9,0.4369999885559082,200.0,33.25000000000006,22.05000000000001,11.200000000000001,26.05000000000001,27.450000000000045,30.150000000000034,25.05000000000001,1208.1000000000001,289.3,16.5,84.4,677.1,56.7,193.4,207.8
Cassine_glauca,12.0315,77.5821,22.350000000000023,10.4,0.5869999885559082,183.0,31.450000000000045,13.750000000000057,17.7,21.650000000000034,21.850000000000023,24.850000000000023,19.850000000000023,1017.1,231.3,5.7,74.60000000000001,506.0,37.6,204.9,157.4
Cassine_glauca,12.0315,77.6131,23.750000000000057,10.4,0.590999984741211,185.5,32.75000000000006,15.150000000000034,17.6,22.950000000000045,23.250000000000057,26.250000000000057,21.150000000000034,999.2,230.9,5.800000000000001,75.10000000000001,504.3,38.300000000000004,197.9,161.70000000000002
Cassine_glauca,12.1292,75.7946,22.250000000000057,9.1,0.5679999828338623,101.2,31.250000000000057,15.150000000000034,16.1,21.55000000000001,21.850000000000023,23.950000000000045,21.450000000000045,3899.0,1107.9,5.300000000000001,107.9,2640.5,36.5,444.3,2172.4
Cassine_glauca,12.2453,79.0512,26.350000000000023,10.100000000000001,0.5219999790191651,255.10000000000002,36.05000000000007,16.750000000000057,19.3,25.350000000000023,24.55000000000001,29.350000000000023,22.750000000000057,1041.0,192.20000000000002,10.0,72.0,528.8000000000001,42.2,164.8,266.7
Cassine_glauca,12.2486,76.5922,24.150000000000034,9.600000000000001,0.5639999866485595,165.60000000000002,33.35000000000002,16.350000000000023,17.0,23.450000000000045,23.150000000000034,26.750000000000057,22.450000000000045,856.1,174.70000000000002,2.6,72.2,379.70000000000005,22.6,201.9,77.60000000000001
Cassine_glauca,12.2794,79.0274,27.750000000000057,10.100000000000001,0.515999984741211,266.2,37.55000000000007,17.950000000000045,19.6,26.850000000000023,25.750000000000057,30.850000000000023,24.150000000000034,1051.8,195.70000000000002,10.0,72.10000000000001,536.3000000000001,42.900000000000006,168.3,265.5
Cassine_glauca,12.3012,79.0381,27.05000000000001,10.100000000000001,0.5179999828338623,260.1,36.85000000000002,17.350000000000023,19.5,26.150000000000034,25.150000000000034,30.150000000000034,23.450000000000045,1062.9,199.0,10.4,72.3,543.6,43.800000000000004,169.4,268.3
Cassine_glauca,12.3222,79.0777,27.750000000000057,10.0,0.5110000133514404,266.2,37.650000000000034,18.05000000000001,19.6,26.850000000000023,25.650000000000034,30.850000000000023,24.150000000000034,1040.6000000000001,195.4,10.600000000000001,72.5,532.6,43.1,163.20000000000002,263.7
Cassine_glauca,12.3313,76.6233,23.950000000000045,9.600000000000001,0.5590000152587891,171.4,33.150000000000034,15.950000000000045,17.2,23.150000000000034,22.850000000000023,26.650000000000034,22.150000000000034,835.7,183.0,2.7,74.60000000000001,379.5,22.400000000000002,202.70000000000002,80.7
Cassine_glauca,12.4269,75.7564,20.05000000000001,9.1,0.55,122.7,29.350000000000023,12.750000000000057,16.6,19.150000000000034,19.55000000000001,21.950000000000045,19.05000000000001,3261.0,919.1,5.0,104.80000000000001,2156.1,37.300000000000004,365.1,1835.6000000000001
Cassine_glauca,12.8571,77.5022,23.950000000000045,9.9,0.5519999980926514,190.20000000000002,33.25000000000006,15.250000000000057,18.0,23.350000000000023,22.350000000000023,26.850000000000023,21.650000000000034,862.5,166.4,1.6,79.0,452.3,17.0,173.3,61.6
Cassine_glauca,12.8813,77.5252,23.350000000000023,9.9,0.5550000190734864,188.3,32.55000000000001,14.650000000000034,17.900000000000002,22.750000000000057,21.650000000000034,26.150000000000034,21.05000000000001,887.9000000000001,172.0,1.7000000000000002,79.0,465.70000000000005,17.8,177.10000000000002,63.400000000000006
Cassine_glauca,12.9489,77.5892,23.250000000000057,9.9,0.5510000228881836,194.20000000000002,32.55000000000001,14.550000000000011,18.0,22.650000000000034,21.450000000000045,26.150000000000034,20.850000000000023,914.5,177.4,1.8,78.9,479.6,19.6,179.10000000000002,67.7
Cassine_glauca,13.0162,76.1193,22.450000000000045,9.3,0.5300000190734864,167.10000000000002,31.650000000000034,14.150000000000034,17.5,21.750000000000057,21.150000000000034,25.05000000000001,20.55000000000001,857.5,157.9,2.3000000000000003,75.5,370.90000000000003,14.200000000000001,169.70000000000002,60.800000000000004
Cassine_glauca,13.1333,78.1128,23.650000000000034,10.100000000000001,0.5329999923706055,224.0,33.35000000000002,14.350000000000023,19.0,23.350000000000023,23.05000000000001,26.650000000000034,20.55000000000001,806.0,165.3,3.3000000000000003,79.0,425.0,23.1,145.70000000000002,80.0
Cassine_glauca,13.1417,77.5892,23.250000000000057,9.9,0.5409999847412109,203.9,32.75000000000006,14.450000000000045,18.3,22.650000000000034,21.450000000000045,26.250000000000057,20.750000000000057,868.9000000000001,169.20000000000002,1.7000000000000002,79.4,455.0,17.6,162.70000000000002,61.800000000000004
Cassine_glauca,13.286,75.8257,21.850000000000023,9.3,0.5269999980926514,162.0,31.350000000000023,13.650000000000034,17.7,21.150000000000034,20.750000000000057,24.350000000000023,20.150000000000034,1264.8000000000002,286.90000000000003,2.8000000000000003,82.80000000000001,657.9000000000001,19.6,199.8,88.9
Cassine_glauca,13.3438,77.1658,23.650000000000034,10.100000000000001,0.5400000095367432,203.60000000000002,33.35000000000002,14.650000000000034,18.7,22.850000000000023,21.950000000000045,26.750000000000057,21.250000000000057,773.1,145.5,1.9000000000000001,78.60000000000001,400.20000000000005,13.4,146.20000000000002,52.1
Cassine_glauca,13.5115,77.6637,24.05000000000001,10.3,0.5269999980926514,229.10000000000002,34.05000000000007,14.550000000000011,19.5,23.350000000000023,21.850000000000023,27.350000000000023,21.05000000000001,741.8000000000001,149.9,1.4000000000000001,81.80000000000001,394.5,13.700000000000001,130.0,49.6
Cassine_glauca,13.6363,78.4539,24.850000000000023,10.200000000000001,0.5070000171661377,261.8,34.950000000000045,14.750000000000057,20.200000000000003,24.650000000000034,23.950000000000045,28.250000000000057,21.250000000000057,814.9000000000001,166.9,6.1000000000000005,77.2,428.0,25.700000000000003,116.30000000000001,108.5
Cassine_glauca,13.9066,75.5666,24.650000000000034,9.4,0.553000020980835,158.8,34.25000000000006,17.250000000000057,17.0,23.650000000000034,23.950000000000045,27.250000000000057,23.450000000000045,1098.8,282.90000000000003,0.8,97.60000000000001,669.4000000000001,12.200000000000001,118.4,56.6
Cassine_glauca,14.2188,76.3957,24.55000000000001,10.200000000000001,0.5329999923706055,217.0,34.75000000000006,15.650000000000034,19.1,23.450000000000045,23.05000000000001,27.950000000000045,22.250000000000057,623.0,143.4,2.7,80.80000000000001,325.0,15.700000000000001,115.4,56.0
Cassine_glauca,14.2555,74.7601,24.450000000000045,8.5,0.5769999980926513,116.9,33.35000000000002,18.650000000000034,14.700000000000001,23.05000000000001,24.450000000000045,26.150000000000034,22.950000000000045,4882.8,1632.5,1.6,132.9,3872.4,15.700000000000001,229.70000000000002,3299.9
Cassine_glauca,15.1686,76.8208,27.150000000000034,10.700000000000001,0.5289999961853028,254.0,37.55000000000007,17.250000000000057,20.3,26.350000000000023,26.850000000000023,30.950000000000045,24.05000000000001,544.1,118.4,2.1,82.5,298.1,14.0,84.60000000000001,49.0
Cassine_glauca,15.4331,74.9838,24.150000000000034,10.0,0.5230000019073486,183.5,34.85000000000002,15.750000000000057,19.1,23.250000000000057,22.750000000000057,27.05000000000001,22.450000000000045,920.1,208.0,1.3,89.30000000000001,505.40000000000003,9.5,118.7,45.300000000000004
Cassine_glauca,17.3144,78.2034,25.750000000000057,10.100000000000001,0.4610000133514405,316.6,36.950000000000045,15.050000000000011,21.900000000000002,25.250000000000057,22.55000000000001,30.150000000000034,21.850000000000023,954.4000000000001,212.8,5.300000000000001,100.2,604.0,19.900000000000002,73.4,40.5
Cassine_glauca,17.3348,78.1999,25.950000000000045,10.100000000000001,0.4570000171661377,316.40000000000003,37.150000000000034,15.150000000000034,22.0,25.450000000000045,22.650000000000034,30.250000000000057,21.950000000000045,944.2,210.60000000000002,5.300000000000001,100.10000000000001,597.1,20.1,72.3,40.7
Cassine_glauca,17.3406,76.8291,27.250000000000057,10.600000000000001,0.4719999790191651,325.3,39.05000000000007,16.650000000000034,22.400000000000002,26.55000000000001,24.05000000000001,31.950000000000045,23.450000000000045,805.8000000000001,203.10000000000002,2.6,100.9,495.5,12.9,67.0,31.200000000000003
Cassine_glauca,17.6349,75.8794,27.750000000000057,10.5,0.48099999427795415,318.90000000000003,39.150000000000034,17.350000000000023,21.8,26.450000000000045,24.950000000000045,32.650000000000034,24.250000000000057,781.9000000000001,208.3,1.9000000000000001,102.4,479.70000000000005,14.700000000000001,60.800000000000004,33.300000000000004
Cassine_glauca,17.9194,77.534,25.750000000000057,9.9,0.4449999809265137,328.90000000000003,37.35000000000002,15.150000000000034,22.200000000000003,25.250000000000057,22.350000000000023,30.250000000000057,21.650000000000034,1056.2,243.9,5.0,101.30000000000001,664.3000000000001,21.5,225.60000000000002,41.400000000000006
Cassine_glauca,18.0997,73.648,23.250000000000057,10.0,0.5139999866485596,183.4,33.85000000000002,14.350000000000023,19.5,23.150000000000034,22.650000000000034,25.950000000000045,21.150000000000034,3969.2000000000003,1494.7,0.8,142.20000000000002,3201.4,7.300000000000001,88.4,49.7
Cassine_glauca,18.3161,73.6684,23.250000000000057,10.200000000000001,0.5070000171661377,196.60000000000002,34.25000000000006,14.150000000000034,20.1,23.150000000000034,22.450000000000045,26.05000000000001,20.950000000000045,2640.7000000000003,968.9000000000001,1.0,137.0,2055.1,6.5,62.300000000000004,48.7
Cassine_glauca,18.3198,73.4303,23.150000000000034,10.4,0.5099999904632568,201.3,33.950000000000045,13.550000000000011,20.400000000000002,23.250000000000057,22.150000000000034,25.950000000000045,20.650000000000034,4903.7,1922.2,0.7000000000000001,147.0,4034.9,5.300000000000001,79.0,9.0
Cassine_glauca,18.3212,73.8623,23.450000000000045,10.5,0.503000020980835,219.4,35.05000000000007,14.150000000000034,20.900000000000002,23.450000000000045,22.650000000000034,26.55000000000001,20.750000000000057,1486.0,491.8,1.0,125.60000000000001,1081.5,6.2,49.800000000000004,37.1
Cassine_glauca,18.3316,73.8529,23.350000000000023,10.5,0.5019999980926514,219.20000000000002,34.950000000000045,14.050000000000011,20.900000000000002,23.450000000000045,22.55000000000001,26.450000000000045,20.750000000000057,1512.6000000000001,501.8,1.0,125.7,1101.4,6.2,50.2,38.1
Cassine_glauca,18.3756,73.7631,22.650000000000034,10.200000000000001,0.49699997901916504,213.60000000000002,34.05000000000007,13.450000000000045,20.6,22.750000000000057,21.750000000000057,25.650000000000034,20.05000000000001,1611.9,554.7,1.0,129.1,1195.8,5.7,46.800000000000004,40.800000000000004
Cassine_glauca,18.4163,73.7866,23.05000000000001,10.4,0.5010000228881836,216.10000000000002,34.55000000000007,13.850000000000023,20.700000000000003,23.150000000000034,22.250000000000057,26.05000000000001,20.450000000000045,1336.0,448.0,1.0,126.10000000000001,971.6,5.4,41.5,37.6
Cassine_glauca,18.4178,73.8562,23.450000000000045,10.600000000000001,0.5010000228881836,224.70000000000002,35.25000000000006,14.050000000000011,21.200000000000003,23.650000000000034,22.55000000000001,26.650000000000034,20.750000000000057,1147.9,364.5,1.1,120.30000000000001,802.2,5.7,40.5,38.300000000000004
Cassine_glauca,18.4193,73.8575,23.450000000000045,10.600000000000001,0.5010000228881836,224.70000000000002,35.25000000000006,14.050000000000011,21.200000000000003,23.650000000000034,22.55000000000001,26.650000000000034,20.750000000000057,1147.9,364.5,1.1,120.30000000000001,802.2,5.7,40.5,38.300000000000004
Cassine_glauca,18.4473,73.4303,23.350000000000023,10.4,0.5139999866485596,199.8,34.150000000000034,13.850000000000023,20.3,23.450000000000045,22.250000000000057,26.05000000000001,20.850000000000023,4599.1,1801.7,0.8,146.5,3759.3,5.4,69.8,9.4
Cassine_glauca,18.4486,73.4331,23.350000000000023,10.4,0.5139999866485596,199.8,34.150000000000034,13.850000000000023,20.3,23.450000000000045,22.250000000000057,26.05000000000001,20.850000000000023,4599.1,1801.7,0.8,146.5,3759.3,5.4,69.8,9.4
Cassine_glauca,18.5174,73.8269,24.350000000000023,10.600000000000001,0.5050000190734864,214.5,35.950000000000045,14.950000000000045,21.0,24.450000000000045,23.350000000000023,27.250000000000057,21.750000000000057,1078.1000000000001,342.3,1.0,120.4,752.7,5.2,37.6,9.200000000000001
Cassine_glauca,18.5182,73.8269,24.350000000000023,10.600000000000001,0.5050000190734864,214.5,35.950000000000045,14.950000000000045,21.0,24.450000000000045,23.350000000000023,27.250000000000057,21.750000000000057,1078.1000000000001,342.3,1.0,120.4,752.7,5.2,37.6,9.200000000000001
Cassine_glauca,18.5183,73.6463,23.55000000000001,10.3,0.5059999942779542,200.4,34.75000000000006,14.450000000000045,20.3,23.650000000000034,22.650000000000034,26.350000000000023,21.150000000000034,1749.0,624.5,1.0,133.3,1327.0,5.2,40.900000000000006,9.1
Cassine_glauca,18.5255,73.8154,24.05000000000001,10.5,0.503000020980835,216.4,35.55000000000007,14.650000000000034,20.900000000000002,24.150000000000034,23.05000000000001,27.05000000000001,21.450000000000045,1118.8,358.0,1.1,121.10000000000001,785.1,5.300000000000001,37.9,37.6
Cassine_glauca,18.5474,73.8893,24.750000000000057,10.9,0.5070000171661377,224.10000000000002,36.650000000000034,15.150000000000034,21.5,24.950000000000045,23.750000000000057,27.850000000000023,22.05000000000001,919.7,281.2,0.9,117.30000000000001,627.3000000000001,4.800000000000001,34.800000000000004,8.5
Cassine_glauca,18.5481,73.7859,24.150000000000034,10.4,0.5019999980926514,212.0,35.650000000000034,14.850000000000023,20.8,24.250000000000057,23.250000000000057,27.05000000000001,21.55000000000001,1182.0,383.90000000000003,1.1,122.60000000000001,838.5,5.300000000000001,38.300000000000004,9.4
Cassine_glauca,18.5499,73.7862,24.150000000000034,10.4,0.5019999980926514,212.0,35.650000000000034,14.850000000000023,20.8,24.250000000000057,23.250000000000057,27.05000000000001,21.55000000000001,1182.0,383.90000000000003,1.1,122.60000000000001,838.5,5.300000000000001,38.300000000000004,9.4
Cassine_glauca,18.6007,73.0341,25.150000000000034,7.0,0.5070000171661377,170.0,31.350000000000023,17.650000000000034,13.700000000000001,25.650000000000034,23.450000000000045,27.350000000000023,22.750000000000057,3894.0,1415.3000000000002,0.4,143.0,3150.5,2.3000000000000003,788.2,6.4
Cassine_glauca,18.6864,73.7156,23.750000000000057,10.4,0.49899997711181643,212.20000000000002,35.05000000000007,14.250000000000057,20.8,23.950000000000045,22.750000000000057,26.650000000000034,21.150000000000034,1369.3000000000002,461.90000000000003,1.0,127.30000000000001,1001.1,5.0,37.0,8.8
Cassine_glauca,18.6867,73.7141,23.750000000000057,10.4,0.49899997711181643,212.20000000000002,35.05000000000007,14.250000000000057,20.8,23.950000000000045,22.750000000000057,26.650000000000034,21.150000000000034,1369.3000000000002,461.90000000000003,1.0,127.30000000000001,1001.1,5.0,37.0,8.8
Cassine_glauca,19.3276,73.7448,23.950000000000045,10.0,0.5010000228881836,217.5,34.950000000000045,14.950000000000045,20.0,23.650000000000034,23.150000000000034,27.05000000000001,21.450000000000045,2129.8,742.9000000000001,0.8,134.70000000000002,1609.9,4.9,39.800000000000004,7.6000000000000005
Cassine_glauca,19.5114,73.0565,26.650000000000034,10.5,0.5289999961853028,206.20000000000002,36.150000000000034,16.350000000000023,19.8,27.350000000000023,24.850000000000023,29.350000000000023,23.750000000000057,2239.1,806.6,0.6000000000000001,140.9,1747.1000000000001,2.8000000000000003,413.90000000000003,4.5
Cassine_glauca,19.5116,73.0566,26.650000000000034,10.5,0.5289999961853028,206.20000000000002,36.150000000000034,16.350000000000023,19.8,27.350000000000023,24.850000000000023,29.350000000000023,23.750000000000057,2239.1,806.6,0.6000000000000001,140.9,1747.1000000000001,2.8000000000000003,413.90000000000003,4.5
Cassine_glauca,19.5142,73.0545,26.650000000000034,10.5,0.5289999961853028,206.20000000000002,36.150000000000034,16.350000000000023,19.8,27.350000000000023,24.850000000000023,29.350000000000023,23.750000000000057,2239.1,806.6,0.6000000000000001,140.9,1747.1000000000001,2.8000000000000003,413.90000000000003,4.5
Cassine_glauca,19.5146,73.0537,26.650000000000034,10.5,0.5289999961853028,206.20000000000002,36.150000000000034,16.350000000000023,19.8,27.350000000000023,24.850000000000023,29.350000000000023,23.750000000000057,2239.1,806.6,0.6000000000000001,140.9,1747.1000000000001,2.8000000000000003,413.90000000000003,4.5
Cassine_glauca,19.537,77.0381,26.55000000000001,10.600000000000001,0.4349999904632569,376.3,39.450000000000045,15.050000000000011,24.400000000000002,26.150000000000034,22.450000000000045,31.950000000000045,21.950000000000045,1108.1000000000001,271.3,4.3,113.7,754.5,27.700000000000003,217.8,38.7
Cassine_glauca,19.5726,73.0151,26.450000000000045,10.3,0.525,205.4,35.950000000000045,16.250000000000057,19.700000000000003,27.05000000000001,24.55000000000001,29.05000000000001,23.450000000000045,2529.8,911.8000000000001,0.7000000000000001,140.9,1974.4,3.4000000000000004,471.90000000000003,5.2
Cassine_glauca,19.5751,73.0119,26.650000000000034,10.3,0.5300000190734864,201.70000000000002,36.05000000000007,16.55000000000001,19.5,27.250000000000057,24.850000000000023,29.250000000000057,23.750000000000057,2451.1,883.3000000000001,0.7000000000000001,140.9,1912.4,3.3000000000000003,457.1,5.0
Cassine_glauca,19.694,73.2022,26.55000000000001,10.5,0.5269999980926514,193.70000000000002,37.05000000000007,17.05000000000001,20.0,26.55000000000001,25.250000000000057,29.150000000000034,24.05000000000001,2918.6000000000004,1074.9,1.0,142.9,2297.4,3.9000000000000004,512.4,6.5
Cassine_glauca,20.2427,75.0814,24.55000000000001,11.0,0.4690000057220459,334.90000000000003,37.25000000000006,13.750000000000057,23.5,24.450000000000045,25.750000000000057,29.150000000000034,20.350000000000023,1096.3,255.3,3.0,113.2,745.5,12.200000000000001,209.60000000000002,43.800000000000004
Cassine_glauca,20.3442,73.2183,24.950000000000045,10.200000000000001,0.5070000171661377,234.9,34.75000000000006,14.550000000000011,20.200000000000003,25.150000000000034,22.850000000000023,27.950000000000045,21.55000000000001,2311.9,838.1,1.5,141.9,1816.1000000000001,5.1000000000000005,379.70000000000005,6.5
Cassine_glauca,20.499,73.449,25.350000000000023,10.4,0.5150000095367432,222.8,35.35000000000002,15.150000000000034,20.200000000000003,25.250000000000057,23.450000000000045,28.150000000000034,22.150000000000034,1844.0,645.8000000000001,1.4000000000000001,139.6,1445.4,4.800000000000001,294.6,5.800000000000001
Cassine_glauca,20.7573,73.4813,26.450000000000045,10.5,0.515999984741211,225.20000000000002,36.55000000000007,16.250000000000057,20.3,26.250000000000057,24.650000000000034,29.350000000000023,23.250000000000057,1628.7,585.8000000000001,1.5,142.0,1295.5,4.5,243.5,5.5
Cassine_glauca,20.8603,73.7713,25.850000000000023,10.100000000000001,0.5090000152587891,233.9,36.150000000000034,16.250000000000057,19.900000000000002,25.450000000000045,24.450000000000045,28.950000000000045,22.750000000000057,1396.8000000000002,463.5,1.7000000000000002,135.70000000000002,1085.9,5.5,218.0,6.2
Cassine_glauca,20.9206,73.5791,26.450000000000045,10.4,0.5099999904632568,238.4,36.55000000000007,16.250000000000057,20.3,26.350000000000023,24.55000000000001,29.55000000000001,23.05000000000001,1560.2,563.2,1.3,143.0,1252.5,4.5,225.3,5.4
Cassine_glauca,20.9374,73.7754,24.950000000000045,10.100000000000001,0.5039999961853028,248.60000000000002,35.25000000000006,15.150000000000034,20.1,24.850000000000023,23.350000000000023,28.350000000000023,21.650000000000034,1547.3000000000002,520.3000000000001,1.9000000000000001,137.20000000000002,1214.2,5.9,235.9,6.6000000000000005
Cassine_glauca,21.0321,81.9273,26.750000000000057,10.700000000000001,0.3910000085830689,451.6,40.950000000000045,13.450000000000045,27.5,27.05000000000001,20.850000000000023,32.950000000000045,20.850000000000023,1266.6000000000001,367.20000000000005,8.200000000000001,124.7,932.5,32.2,218.3,32.2
Cassine_glauca,21.1054,72.773,26.850000000000023,6.1000000000000005,0.42899999618530277,235.4,32.450000000000045,18.150000000000034,14.3,28.250000000000057,26.450000000000045,29.450000000000045,23.250000000000057,1451.8000000000002,615.0,0.30000000000000004,154.10000000000002,1188.5,2.0,245.10000000000002,3.5
Cassine_glauca,21.1385,73.3795,26.850000000000023,10.600000000000001,0.49400000572204594,268.5,37.35000000000002,15.950000000000045,21.400000000000002,27.05000000000001,27.250000000000057,30.250000000000057,22.950000000000045,1517.0,592.9,0.7000000000000001,149.1,1244.2,3.8000000000000003,208.8,4.7
Cassine_glauca,21.2022,81.1548,26.350000000000023,10.8,0.38599998950958253,457.3,40.85000000000002,12.950000000000045,27.900000000000002,26.850000000000023,20.450000000000045,32.650000000000034,20.450000000000045,1324.7,377.5,7.9,123.2,961.4000000000001,37.4,227.20000000000002,37.4
Cassine_glauca,21.2118,81.1627,26.450000000000045,10.8,0.38599998950958253,457.5,41.05000000000007,13.050000000000011,28.0,26.950000000000045,20.55000000000001,32.75000000000006,20.55000000000001,1310.9,372.90000000000003,7.9,123.10000000000001,951.1,37.2,224.70000000000002,37.2
Cassine_glauca,21.3716,73.6834,25.650000000000034,10.0,0.47500000000000003,291.1,36.25000000000006,15.250000000000057,21.0,26.150000000000034,26.05000000000001,29.350000000000023,21.55000000000001,1440.2,528.3000000000001,0.9,145.4,1178.6000000000001,4.5,196.0,5.300000000000001
Cassine_glauca,21.6669,73.8218,24.55000000000001,10.100000000000001,0.45999999046325685,310.1,35.75000000000006,13.750000000000057,22.0,24.950000000000045,22.05000000000001,28.55000000000001,20.250000000000057,1834.9,636.4000000000001,1.4000000000000001,142.3,1491.2,6.7,266.6,7.1000000000000005
Cassine_glauca,21.7528,73.6816,25.05000000000001,10.4,0.46399998664855957,316.6,36.35000000000002,13.850000000000023,22.5,25.450000000000045,25.650000000000034,29.150000000000034,20.650000000000034,1831.7,637.7,1.3,142.8,1497.2,6.300000000000001,255.60000000000002,7.6000000000000005
Cassine_glauca,21.8803,73.7076,27.150000000000034,10.600000000000001,0.47500000000000003,312.3,38.150000000000034,15.750000000000057,22.400000000000002,27.450000000000045,27.750000000000057,31.150000000000034,22.750000000000057,1195.6000000000001,409.3,0.9,141.8,975.4000000000001,4.4,163.60000000000002,5.6000000000000005
Cassine_glauca,21.9793,74.0711,25.650000000000034,10.9,0.46700000762939453,333.5,37.35000000000002,14.050000000000011,23.3,25.950000000000045,23.150000000000034,30.05000000000001,21.05000000000001,1382.9,463.40000000000003,2.0,139.3,1109.0,7.6000000000000005,201.70000000000002,8.200000000000001
Cassine_glauca,22.0,79.0,24.55000000000001,10.5,0.4,434.6,38.55000000000007,12.350000000000023,26.200000000000003,24.950000000000045,29.55000000000001,30.650000000000034,19.05000000000001,1351.8000000000002,416.8,7.5,124.30000000000001,992.4000000000001,43.900000000000006,214.60000000000002,52.400000000000006
Cassine_glauca,22.0058,74.0902,25.850000000000023,10.9,0.46399998664855957,333.90000000000003,37.650000000000034,14.150000000000034,23.5,26.150000000000034,23.350000000000023,30.250000000000057,21.250000000000057,1349.6000000000001,450.8,2.1,138.9,1080.2,7.800000000000001,196.0,8.4
Cassine_glauca,22.3023,74.0333,26.750000000000057,11.0,0.46700000762939453,347.0,38.55000000000007,14.950000000000045,23.6,27.250000000000057,27.150000000000034,31.250000000000057,21.850000000000023,1135.1000000000001,389.6,1.0,144.0,935.1,4.9,147.9,5.800000000000001
Cassine_glauca,22.3204,73.1792,27.250000000000057,11.5,0.46599998474121096,367.3,39.25000000000006,14.550000000000011,24.700000000000003,28.350000000000023,27.350000000000023,31.850000000000023,22.05000000000001,1040.9,382.0,0.5,146.4,864.2,3.5,133.1,4.800000000000001
Cassine_glauca,22.3646,73.731,26.750000000000057,11.100000000000001,0.46700000762939453,354.0,38.450000000000045,14.750000000000057,23.700000000000003,27.650000000000034,26.850000000000023,31.250000000000057,21.750000000000057,1137.9,403.0,0.5,146.70000000000002,952.6,4.3,137.3,5.4
Cassine_glauca,22.3799,73.2362,27.350000000000023,11.5,0.4650000095367432,369.1,39.35000000000002,14.650000000000034,24.700000000000003,28.350000000000023,27.350000000000023,31.950000000000045,22.05000000000001,1055.8,388.1,0.5,147.1,881.3000000000001,3.8000000000000003,130.3,5.300000000000001
Cassine_glauca,22.4414,73.4298,26.950000000000045,11.200000000000001,0.46199998855590824,367.8,38.85000000000002,14.550000000000011,24.3,28.05000000000001,26.950000000000045,31.650000000000034,21.750000000000057,1151.1000000000001,419.20000000000005,0.4,147.70000000000002,967.5,4.1000000000000005,136.5,6.0
Cassine_glauca,22.4569,73.7208,25.750000000000057,11.0,0.4579999923706055,364.20000000000005,37.75000000000006,13.750000000000057,24.0,26.650000000000034,25.850000000000023,30.450000000000045,20.650000000000034,1275.2,453.70000000000005,0.5,146.8,1068.9,4.800000000000001,152.4,6.300000000000001
Cassine_glauca,22.5251,73.9389,26.450000000000045,10.9,0.4610000133514405,355.20000000000005,38.25000000000006,14.550000000000011,23.700000000000003,27.05000000000001,26.650000000000034,31.05000000000001,21.350000000000023,1275.3000000000002,442.5,0.8,144.9,1058.3,5.4,159.5,6.5
Cassine_glauca,22.6488,88.2332,26.05000000000001,9.1,0.4,391.8,35.450000000000045,12.750000000000057,22.700000000000003,28.55000000000001,20.05000000000001,29.850000000000023,20.05000000000001,1749.5,353.1,10.200000000000001,90.30000000000001,998.7,47.5,480.40000000000003,47.5
Cassine_glauca,22.7657,73.4439,26.750000000000057,11.200000000000001,0.45300002098083497,393.1,38.85000000000002,14.050000000000011,24.8,28.05000000000001,26.450000000000045,31.650000000000034,21.05000000000001,1032.2,387.40000000000003,0.4,150.20000000000002,878.4000000000001,3.9000000000000004,112.4,5.7
Cassine_glauca,22.7814,77.7767,26.250000000000057,11.100000000000001,0.3940000057220459,480.40000000000003,40.85000000000002,12.750000000000057,28.1,26.950000000000045,26.850000000000023,32.85000000000002,19.950000000000045,1335.1000000000001,461.1,2.5,140.1,1062.7,21.700000000000003,183.9,31.400000000000002
Cassine_glauca,22.8835,79.6162,25.150000000000034,11.0,0.3839999914169312,493.20000000000005,39.85000000000002,11.250000000000057,28.6,25.950000000000045,30.250000000000057,31.850000000000023,18.650000000000034,1308.5,392.90000000000003,4.6000000000000005,130.3,1016.9000000000001,34.6,173.10000000000002,58.7
Cassine_glauca,22.897,76.8784,25.150000000000034,10.9,0.403000020980835,460.0,39.150000000000034,12.050000000000011,27.1,25.750000000000057,25.850000000000023,31.450000000000045,19.05000000000001,1263.7,428.90000000000003,2.0,140.1,1013.5,16.0,162.70000000000002,24.5
Cassine_glauca,22.9133,85.6149,23.850000000000023,11.0,0.4090000152587891,441.90000000000003,36.35000000000002,9.550000000000011,26.8,26.150000000000034,17.650000000000034,28.850000000000023,17.55000000000001,1655.9,397.40000000000003,11.5,105.30000000000001,1065.2,51.300000000000004,401.3,61.900000000000006
Cassine_glauca,22.9784,87.0223,25.850000000000023,9.9,0.397000002861023,424.70000000000005,36.950000000000045,12.050000000000011,24.900000000000002,28.850000000000023,19.950000000000045,30.350000000000023,19.450000000000045,1583.6000000000001,378.5,9.9,98.4,976.1,44.7,442.0,54.5
Cassine_glauca,23.2246,87.0668,25.750000000000057,10.100000000000001,0.4010000228881836,436.8,36.950000000000045,11.650000000000034,25.3,28.950000000000045,19.650000000000034,30.350000000000023,19.150000000000034,1558.3000000000002,379.0,10.700000000000001,99.60000000000001,968.0,44.2,424.3,56.300000000000004
Cassine_glauca,23.3503,86.3674,25.150000000000034,10.600000000000001,0.39800000190734863,458.3,37.25000000000006,10.650000000000034,26.6,27.650000000000034,18.750000000000057,30.150000000000034,18.350000000000023,1675.0,419.8,13.4,104.60000000000001,1081.0,54.1,394.0,57.400000000000006
Cassine_glauca,23.5863,81.173,24.850000000000023,11.4,0.38499999046325684,516.6,39.55000000000007,9.950000000000045,29.6,26.650000000000034,29.450000000000045,31.55000000000001,17.850000000000023,1300.0,404.20000000000005,5.6000000000000005,128.0,995.6,31.3,175.0,65.9
Cassine_glauca,23.8258,79.4852,25.150000000000034,11.700000000000001,0.3839999914169312,542.3000000000001,40.35000000000002,10.050000000000011,30.3,26.950000000000045,29.750000000000057,32.05000000000001,17.650000000000034,1321.9,429.90000000000003,3.5,137.70000000000002,1056.0,23.400000000000002,167.10000000000002,47.300000000000004
Cassine_glauca,23.8525,85.6143,23.450000000000045,10.700000000000001,0.3890000104904175,490.90000000000003,36.450000000000045,8.950000000000045,27.5,26.350000000000023,16.650000000000034,28.950000000000045,16.350000000000023,1417.2,376.8,11.0,111.7,953.0,43.1,308.40000000000003,47.7
Cassine_glauca,23.8652,73.7178,26.350000000000023,11.5,0.4269999980926514,455.40000000000003,39.55000000000007,12.550000000000011,27.0,27.350000000000023,26.55000000000001,32.25000000000006,19.950000000000045,773.0,285.6,1.1,149.70000000000002,657.9000000000001,5.0,81.9,5.800000000000001
Cassine_glauca,23.9395,69.8249,25.750000000000057,12.100000000000001,0.4309999942779541,472.5,38.75000000000006,10.650000000000034,28.1,28.450000000000045,18.750000000000057,30.750000000000057,18.750000000000057,461.8,181.60000000000002,0.5,150.70000000000002,383.40000000000003,3.6,42.900000000000006,3.6
Cassine_glauca,24.5362,76.7524,25.55000000000001,11.700000000000001,0.3920000076293946,544.2,40.25000000000006,10.350000000000023,29.900000000000002,27.350000000000023,25.150000000000034,32.55000000000001,18.05000000000001,1113.4,403.20000000000005,2.9000000000000004,149.20000000000002,924.6,16.1,115.0,23.5
Cassine_glauca,24.5362,76.7594,25.750000000000057,11.700000000000001,0.3910000085830689,546.2,40.55000000000007,10.650000000000034,29.900000000000002,27.55000000000001,25.450000000000045,32.85000000000002,18.250000000000057,1122.5,406.1,2.9000000000000004,149.20000000000002,932.1,16.2,116.0,23.700000000000003
Cassine_glauca,24.5363,76.7593,25.750000000000057,11.700000000000001,0.3910000085830689,546.2,40.55000000000007,10.650000000000034,29.900000000000002,27.55000000000001,25.450000000000045,32.85000000000002,18.250000000000057,1122.5,406.1,2.9000000000000004,149.20000000000002,932.1,16.2,116.0,23.700000000000003
Cassine_glauca,24.5986,76.8092,25.750000000000057,11.700000000000001,0.3910000085830689,544.6,40.55000000000007,10.650000000000034,29.900000000000002,27.55000000000001,25.450000000000045,32.75000000000006,18.250000000000057,1061.7,382.6,2.6,149.70000000000002,884.4000000000001,15.4,108.5,21.900000000000002
Cassine_glauca,24.6109,76.1585,26.450000000000045,11.9,0.3890000104904175,551.4,41.35000000000002,10.850000000000023,30.5,28.150000000000034,26.350000000000023,33.650000000000034,18.850000000000023,990.4000000000001,366.5,2.8000000000000003,150.5,828.2,12.0,99.80000000000001,16.1
Cassine_glauca,25.1771,75.8055,26.750000000000057,12.0,0.3809999942779541,581.4,41.75000000000006,10.350000000000023,31.400000000000002,28.950000000000045,18.55000000000001,34.05000000000007,18.55000000000001,746.1,273.1,3.6,147.1,620.1,17.6,79.4,17.6
Cassine_glauca,25.1941,77.1805,24.450000000000045,11.5,0.3839999914169312,566.0,38.950000000000045,9.050000000000011,29.900000000000002,27.05000000000001,28.650000000000034,31.450000000000045,16.55000000000001,955.2,327.40000000000003,4.1000000000000005,141.20000000000002,766.7,19.3,105.5,28.900000000000002
Cassine_glauca,25.2342,77.1295,24.650000000000034,11.5,0.3829999923706055,566.6,39.25000000000006,9.250000000000057,30.0,27.250000000000057,28.950000000000045,31.650000000000034,16.750000000000057,1006.6,349.6,4.3,142.6,812.6,19.900000000000002,110.30000000000001,28.700000000000003
Cassine_glauca,25.252,77.1477,24.850000000000023,11.5,0.3819999933242798,568.7,39.450000000000045,9.350000000000023,30.1,27.350000000000023,29.150000000000034,31.850000000000023,16.950000000000045,986.1,340.90000000000003,4.3,141.70000000000002,793.5,19.8,108.0,29.3
Cassine_glauca,26.2971,72.9558,26.150000000000034,12.5,0.41100001335144043,578.9,39.55000000000007,9.250000000000057,30.3,29.350000000000023,18.55000000000001,32.55000000000001,17.650000000000034,384.70000000000005,135.70000000000002,1.5,140.0,301.2,10.8,59.800000000000004,10.8
Cassine_glauca,26.4757,74.6701,24.650000000000034,11.9,0.3920000076293946,581.6,38.55000000000007,8.250000000000057,30.3,27.650000000000034,16.250000000000057,31.350000000000023,16.250000000000057,454.1,158.9,2.2,136.4,355.0,13.100000000000001,61.7,13.100000000000001
Cassine_glauca,28.8547,79.2993,24.150000000000034,11.700000000000001,0.3950000047683716,607.5,37.650000000000034,8.050000000000011,29.6,28.650000000000034,16.250000000000057,30.750000000000057,15.450000000000045,1232.0,389.1,3.7,128.20000000000002,962.0,49.2,498.70000000000005,84.5
Cassine_glauca,30.027,78.1585,22.750000000000057,11.9,0.3920000076293946,620.5,36.05000000000007,5.850000000000023,30.200000000000003,27.650000000000034,17.950000000000045,29.650000000000034,14.050000000000011,1975.1000000000001,631.9000000000001,8.8,132.8,1540.9,66.9,815.6,130.4
Cassine_glauca,30.0802,77.9161,22.850000000000023,12.100000000000001,0.3950000047683716,635.2,36.55000000000007,5.850000000000023,30.700000000000003,28.05000000000001,18.05000000000001,29.950000000000045,14.050000000000011,1520.1000000000001,481.0,6.7,129.6,1169.4,55.0,616.4000000000001,118.60000000000001
Cassine_glauca,32.0988,76.2639,21.350000000000023,9.3,0.3430000066757202,618.2,33.85000000000002,6.650000000000034,27.200000000000003,26.650000000000034,17.150000000000034,28.350000000000023,12.650000000000034,2354.9,733.9000000000001,25.3,122.60000000000001,1688.3000000000002,99.10000000000001,907.1,249.5
Cassine_glauca,32.73,74.92,20.55000000000001,12.700000000000001,0.3890000104904175,680.5,35.450000000000045,2.9500000000000455,32.5,26.750000000000057,15.650000000000034,28.350000000000023,11.250000000000057,1630.5,484.70000000000005,17.2,105.80000000000001,1039.5,90.7,620.7,257.1
Cassine_glauca,33.08,74.83,21.850000000000023,11.9,0.3779999971389771,665.1,35.650000000000034,4.250000000000057,31.400000000000002,28.05000000000001,17.450000000000045,29.350000000000023,12.650000000000034,1540.8000000000002,399.5,22.3,90.10000000000001,860.8000000000001,104.4,831.2,306.90000000000003
Cassine_glauca,33.52,75.22,8.950000000000045,12.4,0.38599998950958253,775.8000000000001,22.750000000000057,-9.349999999999966,32.1,-0.24999999999994316,4.750000000000057,18.250000000000057,-1.6499999999999773,1189.4,167.20000000000002,37.4,41.400000000000006,457.1,144.20000000000002,308.40000000000003,358.8
Cassine_paniculata,8.679,77.219,19.650000000000034,7.800000000000001,0.5760000228881836,118.4,25.950000000000045,12.350000000000023,13.600000000000001,19.250000000000057,19.150000000000034,21.250000000000057,18.05000000000001,1962.7,359.90000000000003,35.1,58.1,843.3000000000001,169.3,407.6,441.0
Cassine_paniculata,9.967,76.233,26.55000000000001,2.6,0.5179999828338623,85.0,29.450000000000045,24.450000000000045,5.0,25.650000000000034,26.650000000000034,27.750000000000057,25.55000000000001,2962.4,725.3000000000001,17.8,88.0,1664.8000000000002,72.5,445.20000000000005,1229.9
Cassine_paniculata,10.192,77.114,18.650000000000034,7.9,0.5769999980926513,103.4,25.850000000000023,12.150000000000034,13.700000000000001,18.150000000000034,17.950000000000045,20.250000000000057,17.650000000000034,2591.5,391.90000000000003,30.700000000000003,55.7,955.1,144.6,582.1,378.20000000000005
Cassine_paniculata,10.306,77.006,17.350000000000023,7.7,0.5599999904632569,101.2,24.650000000000034,10.950000000000045,13.700000000000001,16.750000000000057,16.850000000000023,18.950000000000045,16.450000000000045,3562.3,641.0,31.200000000000003,64.60000000000001,1611.2,139.9,753.7,373.70000000000005
Cassine_paniculata,10.337,76.842,21.150000000000034,7.5,0.5590000152587891,102.5,28.850000000000023,15.350000000000023,13.5,20.250000000000057,21.150000000000034,22.650000000000034,20.150000000000034,4013.6000000000004,780.7,30.6,71.10000000000001,1993.3000000000002,141.1,760.0,1663.9
Cassine_paniculata,10.3373,76.8416,20.850000000000023,7.6000000000000005,0.5650000095367432,102.80000000000001,28.450000000000045,15.050000000000011,13.4,19.950000000000045,20.850000000000023,22.350000000000023,19.850000000000023,4038.3,789.1,30.400000000000002,71.60000000000001,2017.1000000000001,140.5,760.6,1678.3000000000002
Cassine_paniculata,10.349,76.888,21.55000000000001,7.6000000000000005,0.5539999961853027,106.4,29.250000000000057,15.550000000000011,13.700000000000001,20.650000000000034,21.450000000000045,23.150000000000034,20.650000000000034,3746.3,717.2,30.200000000000003,69.2,1817.8000000000002,138.4,720.8000000000001,1541.6000000000001
Cassine_paniculata,10.3492,76.8876,21.55000000000001,7.6000000000000005,0.5539999961853027,106.4,29.250000000000057,15.550000000000011,13.700000000000001,20.650000000000034,21.450000000000045,23.150000000000034,20.650000000000034,3746.3,717.2,30.200000000000003,69.2,1817.8000000000002,138.4,720.8000000000001,1541.6000000000001
Cassine_paniculata,10.387,76.917,23.55000000000001,7.7,0.5449999809265137,119.5,31.55000000000001,17.350000000000023,14.200000000000001,22.55000000000001,23.250000000000057,25.350000000000023,22.55000000000001,3136.2000000000003,603.8000000000001,25.900000000000002,69.0,1516.4,118.2,593.5,1298.5
Cassine_paniculata,10.3873,76.9167,23.55000000000001,7.7,0.5449999809265137,119.5,31.55000000000001,17.350000000000023,14.200000000000001,22.55000000000001,23.250000000000057,25.350000000000023,22.55000000000001,3136.2000000000003,603.8000000000001,25.900000000000002,69.0,1516.4,118.2,593.5,1298.5
Cassine_paniculata,10.421,76.875,23.750000000000057,7.800000000000001,0.5409999847412109,126.0,32.05000000000001,17.650000000000034,14.4,22.750000000000057,23.55000000000001,25.650000000000034,22.750000000000057,2944.8,590.8000000000001,22.400000000000002,72.7,1485.2,103.80000000000001,520.9,1248.8000000000002
Cassine_paniculata,10.421,76.8753,23.750000000000057,7.800000000000001,0.5409999847412109,126.0,32.05000000000001,17.650000000000034,14.4,22.750000000000057,23.55000000000001,25.650000000000034,22.750000000000057,2944.8,590.8000000000001,22.400000000000002,72.7,1485.2,103.80000000000001,520.9,1248.8000000000002
Cassine_paniculata,10.45,76.833,24.05000000000001,7.800000000000001,0.5389999866485596,131.3,32.55000000000001,18.150000000000034,14.4,22.950000000000045,24.05000000000001,26.05000000000001,22.950000000000045,2864.2000000000003,598.0,19.700000000000003,76.7,1506.1000000000001,92.5,258.6,1506.1000000000001
Cassine_paniculata,10.45,76.8333,24.05000000000001,7.800000000000001,0.5389999866485596,131.3,32.55000000000001,18.150000000000034,14.4,22.950000000000045,24.05000000000001,26.05000000000001,22.950000000000045,2864.2000000000003,598.0,19.700000000000003,76.7,1506.1000000000001,92.5,258.6,1506.1000000000001
Cassine_paniculata,10.4689,76.8353,23.250000000000057,7.9,0.5360000133514404,131.1,31.850000000000023,17.150000000000034,14.700000000000001,22.250000000000057,23.05000000000001,25.250000000000057,22.250000000000057,2823.2000000000003,589.4,19.900000000000002,76.7,1480.0,93.7,451.6,1225.5
Cassine_paniculata,10.469,76.835,23.250000000000057,7.9,0.5360000133514404,131.1,31.850000000000023,17.150000000000034,14.700000000000001,22.250000000000057,23.05000000000001,25.250000000000057,22.250000000000057,2823.2000000000003,589.4,19.900000000000002,76.7,1480.0,93.7,451.6,1225.5
Cassine_paniculata,10.4708,76.8365,23.250000000000057,7.9,0.5360000133514404,131.1,31.850000000000023,17.150000000000034,14.700000000000001,22.250000000000057,23.05000000000001,25.250000000000057,22.250000000000057,2823.2000000000003,589.4,19.900000000000002,76.7,1480.0,93.7,451.6,1225.5
Cassine_paniculata,10.471,76.837,23.250000000000057,7.9,0.5360000133514404,131.1,31.850000000000023,17.150000000000034,14.700000000000001,22.250000000000057,23.05000000000001,25.250000000000057,22.250000000000057,2823.2000000000003,589.4,19.900000000000002,76.7,1480.0,93.7,451.6,1225.5
Cassine_paniculata,10.4727,76.8369,23.250000000000057,7.9,0.5360000133514404,131.1,31.850000000000023,17.150000000000034,14.700000000000001,22.250000000000057,23.05000000000001,25.250000000000057,22.250000000000057,2823.2000000000003,589.4,19.900000000000002,76.7,1480.0,93.7,451.6,1225.5
Cassine_paniculata,10.473,76.837,23.250000000000057,7.9,0.5360000133514404,131.1,31.850000000000023,17.150000000000034,14.700000000000001,22.250000000000057,23.05000000000001,25.250000000000057,22.250000000000057,2823.2000000000003,589.4,19.900000000000002,76.7,1480.0,93.7,451.6,1225.5
Cassine_paniculata,10.4747,76.8335,23.250000000000057,7.9,0.5360000133514404,131.1,31.850000000000023,17.150000000000034,14.700000000000001,22.250000000000057,23.05000000000001,25.250000000000057,22.250000000000057,2823.2000000000003,589.4,19.900000000000002,76.7,1480.0,93.7,451.6,1225.5
Cassine_paniculata,10.475,76.834,23.250000000000057,7.9,0.5360000133514404,131.1,31.850000000000023,17.150000000000034,14.700000000000001,22.250000000000057,23.05000000000001,25.250000000000057,22.250000000000057,2823.2000000000003,589.4,19.900000000000002,76.7,1480.0,93.7,451.6,1225.5
Cassine_paniculata,10.4788,76.8325,22.950000000000045,7.9,0.5329999923706055,131.6,31.55000000000001,16.750000000000057,14.8,21.950000000000045,22.750000000000057,25.05000000000001,21.950000000000045,2840.7000000000003,598.7,19.5,77.7,1503.2,92.10000000000001,446.40000000000003,1241.0
Cassine_paniculata,10.479,76.832,22.950000000000045,7.9,0.5329999923706055,131.6,31.55000000000001,16.750000000000057,14.8,21.950000000000045,22.750000000000057,25.05000000000001,21.950000000000045,2840.7000000000003,598.7,19.5,77.7,1503.2,92.10000000000001,446.40000000000003,1241.0
Cassine_paniculata,11.082,76.47,21.55000000000001,8.200000000000001,0.5699999809265137,100.60000000000001,29.55000000000001,15.250000000000057,14.3,20.750000000000057,21.650000000000034,23.05000000000001,20.650000000000034,3381.9,703.0,13.600000000000001,80.9,1761.3000000000002,75.4,272.8,1419.0
Cassine_paniculata,11.082,76.475,21.650000000000034,8.1,0.5679999828338623,99.9,29.55000000000001,15.250000000000057,14.3,20.750000000000057,21.650000000000034,23.05000000000001,20.750000000000057,3268.3,675.2,13.4,80.30000000000001,1689.1000000000001,74.2,267.3,1365.9
Cassine_paniculata,11.0821,76.4702,21.55000000000001,8.200000000000001,0.5699999809265137,100.60000000000001,29.55000000000001,15.250000000000057,14.3,20.750000000000057,21.650000000000034,23.05000000000001,20.650000000000034,3381.9,703.0,13.600000000000001,80.9,1761.3000000000002,75.4,272.8,1419.0
Cassine_paniculata,11.0823,76.4746,21.55000000000001,8.200000000000001,0.5699999809265137,100.60000000000001,29.55000000000001,15.250000000000057,14.3,20.750000000000057,21.650000000000034,23.05000000000001,20.650000000000034,3381.9,703.0,13.600000000000001,80.9,1761.3000000000002,75.4,272.8,1419.0
Cassine_paniculata,11.0827,76.473,21.55000000000001,8.200000000000001,0.5699999809265137,100.60000000000001,29.55000000000001,15.250000000000057,14.3,20.750000000000057,21.650000000000034,23.05000000000001,20.650000000000034,3381.9,703.0,13.600000000000001,80.9,1761.3000000000002,75.4,272.8,1419.0
Cassine_paniculata,11.083,76.473,21.55000000000001,8.200000000000001,0.5699999809265137,100.60000000000001,29.55000000000001,15.250000000000057,14.3,20.750000000000057,21.650000000000034,23.05000000000001,20.650000000000034,3381.9,703.0,13.600000000000001,80.9,1761.3000000000002,75.4,272.8,1419.0
Cassine_paniculata,11.0969,76.4558,20.950000000000045,8.200000000000001,0.5670000076293945,97.9,28.850000000000023,14.450000000000045,14.4,20.150000000000034,20.850000000000023,22.450000000000045,20.150000000000034,3629.7000000000003,765.7,14.700000000000001,81.9,1918.4,81.2,568.9,1541.3000000000002
Cassine_paniculata,11.097,76.456,20.950000000000045,8.200000000000001,0.5670000076293945,97.9,28.850000000000023,14.450000000000045,14.4,20.150000000000034,20.850000000000023,22.450000000000045,20.150000000000034,3629.7000000000003,765.7,14.700000000000001,81.9,1918.4,81.2,568.9,1541.3000000000002
Cassine_paniculata,11.2766,76.7311,17.750000000000057,8.6,0.5659999847412109,137.5,25.350000000000023,10.150000000000034,15.200000000000001,17.05000000000001,17.55000000000001,19.750000000000057,15.950000000000045,1581.8000000000002,283.6,19.1,59.300000000000004,626.8000000000001,92.10000000000001,305.7,265.40000000000003
Cassine_paniculata,11.277,76.731,17.750000000000057,8.6,0.5659999847412109,137.5,25.350000000000023,10.150000000000034,15.200000000000001,17.05000000000001,17.55000000000001,19.750000000000057,15.950000000000045,1581.8000000000002,283.6,19.1,59.300000000000004,626.8000000000001,92.10000000000001,305.7,265.40000000000003
Cassine_paniculata,11.5,76.812,17.05000000000001,9.3,0.5710000038146973,160.4,25.05000000000001,8.750000000000057,16.3,16.250000000000057,16.750000000000057,19.350000000000023,14.950000000000045,1115.1000000000001,224.5,17.1,60.6,506.40000000000003,80.30000000000001,223.10000000000002,262.0
Cassine_paniculata,11.8917,77.175,18.650000000000034,10.3,0.5659999847412109,172.9,27.750000000000057,9.650000000000034,18.1,17.950000000000045,18.350000000000023,21.05000000000001,16.350000000000023,1123.5,254.10000000000002,8.200000000000001,75.4,533.7,50.6,311.40000000000003,166.70000000000002
Cassine_paniculata,11.892,77.175,18.650000000000034,10.3,0.5659999847412109,172.9,27.750000000000057,9.650000000000034,18.1,17.950000000000045,18.350000000000023,21.05000000000001,16.350000000000023,1123.5,254.10000000000002,8.200000000000001,75.4,533.7,50.6,311.40000000000003,166.70000000000002
Cassine_paniculata,12.979,76.102,22.450000000000045,9.200000000000001,0.5289999961853028,164.3,31.650000000000034,14.250000000000057,17.400000000000002,21.750000000000057,21.250000000000057,24.950000000000045,20.650000000000034,896.4000000000001,164.8,2.3000000000000003,76.3,391.90000000000003,14.200000000000001,173.3,60.800000000000004
Cassine_paniculata,13.5188,75.0975,23.250000000000057,9.3,0.5690000057220459,124.30000000000001,32.25000000000006,15.950000000000045,16.3,22.150000000000034,22.750000000000057,25.250000000000057,22.05000000000001,6553.5,2488.6000000000004,3.4000000000000004,133.5,6058.400000000001,26.900000000000002,336.0,5094.900000000001
Cassine_paniculata,13.519,75.098,23.250000000000057,9.3,0.5690000057220459,124.30000000000001,32.25000000000006,15.950000000000045,16.3,22.150000000000034,22.750000000000057,25.250000000000057,22.05000000000001,6553.5,2488.6000000000004,3.4000000000000004,133.5,6058.400000000001,26.900000000000002,336.0,5094.900000000001
Cassine_paniculata,15.0237,74.4543,23.950000000000045,8.4,0.5469999790191651,129.8,32.55000000000001,17.250000000000057,15.3,23.250000000000057,22.850000000000023,26.05000000000001,22.850000000000023,2796.2000000000003,871.8000000000001,1.0,126.60000000000001,2146.6,9.9,147.1,9.9
Cassine_paniculata,15.024,74.454,23.950000000000045,8.4,0.5469999790191651,129.8,32.55000000000001,17.250000000000057,15.3,23.250000000000057,22.850000000000023,26.05000000000001,22.850000000000023,2796.2000000000003,871.8000000000001,1.0,126.60000000000001,2146.6,9.9,147.1,9.9
Cassine_paniculata,15.211,74.348,23.350000000000023,9.200000000000001,0.5519999980926514,134.1,32.450000000000045,15.750000000000057,16.7,22.650000000000034,22.05000000000001,25.350000000000023,22.05000000000001,4182.900000000001,1339.4,1.1,130.1,3277.9,12.4,179.5,12.4
Cassine_paniculata,15.2113,74.348,23.350000000000023,9.200000000000001,0.5519999980926514,134.1,32.450000000000045,15.750000000000057,16.7,22.650000000000034,22.05000000000001,25.350000000000023,22.05000000000001,4182.900000000001,1339.4,1.1,130.1,3277.9,12.4,179.5,12.4
Cassine_paniculata,15.232,74.34,23.350000000000023,9.3,0.5539999961853027,132.6,32.55000000000001,15.750000000000057,16.8,22.750000000000057,22.150000000000034,25.450000000000045,22.150000000000034,4296.6,1377.5,1.1,130.3,3371.2000000000003,12.5,181.4,12.5
Cassine_paniculata,15.2322,74.34,23.350000000000023,9.3,0.5539999961853027,132.6,32.55000000000001,15.750000000000057,16.8,22.750000000000057,22.150000000000034,25.450000000000045,22.150000000000034,4296.6,1377.5,1.1,130.3,3371.2000000000003,12.5,181.4,12.5
Cassine_paniculata,15.755,74.126,25.750000000000057,9.3,0.6099999904632569,103.80000000000001,34.05000000000007,18.850000000000023,15.200000000000001,24.850000000000023,25.250000000000057,27.250000000000057,24.55000000000001,4307.5,1456.4,0.8,134.6,3448.1000000000004,11.700000000000001,150.0,2856.1000000000004
Cassine_paniculata,15.964,74.003,23.350000000000023,9.200000000000001,0.5579999923706055,144.3,32.75000000000006,16.350000000000023,16.400000000000002,22.350000000000023,23.55000000000001,25.750000000000057,22.150000000000034,5021.900000000001,1735.2,1.0,135.8,4028.3,12.4,172.70000000000002,3384.7000000000003
Cassine_paniculata,16.047,74.091,23.250000000000057,9.3,0.5510000228881836,148.1,32.950000000000045,16.150000000000034,16.8,22.150000000000034,23.55000000000001,25.650000000000034,21.950000000000045,3811.6000000000004,1306.7,1.4000000000000001,132.0,2977.9,13.9,162.0,2552.8
Cassine_paniculata,16.061,74.1,23.350000000000023,9.3,0.5510000228881836,146.5,33.150000000000034,16.350000000000023,16.8,22.350000000000023,23.650000000000034,25.750000000000057,22.05000000000001,3528.2000000000003,1204.4,1.5,130.9,2736.6000000000004,14.0,156.70000000000002,2356.1
Cassine_paniculata,16.126,73.946,23.950000000000045,9.3,0.5599999904632569,144.1,33.450000000000045,16.850000000000023,16.6,22.950000000000045,24.150000000000034,26.350000000000023,22.750000000000057,5065.6,1791.4,1.1,136.6,4056.2000000000003,11.200000000000001,174.5,3488.3
Cassine_paniculata,16.4612,73.9447,22.850000000000023,9.3,0.5289999961853028,162.9,32.950000000000045,15.350000000000023,17.6,21.950000000000045,22.950000000000045,25.450000000000045,21.450000000000045,4115.900000000001,1512.1000000000001,1.5,137.70000000000002,3256.2000000000003,9.200000000000001,150.5,55.300000000000004
Cassine_paniculata,16.502,73.892,22.650000000000034,9.5,0.5230000019073486,171.4,32.950000000000045,14.750000000000057,18.2,21.850000000000023,22.650000000000034,25.350000000000023,21.05000000000001,4805.5,1782.7,1.3,139.70000000000002,3847.6000000000004,8.700000000000001,161.10000000000002,52.7
Cassine_paniculata,16.759,73.855,22.850000000000023,10.100000000000001,0.519000005722046,178.5,33.55000000000001,14.150000000000034,19.400000000000002,22.150000000000034,22.55000000000001,25.55000000000001,21.05000000000001,4612.0,1720.6000000000001,1.3,140.20000000000002,3684.4,7.9,145.4,46.2
Cassine_paniculata,16.771,73.807,23.650000000000034,10.200000000000001,0.5289999961853028,170.20000000000002,34.25000000000006,14.950000000000045,19.3,23.05000000000001,23.450000000000045,26.350000000000023,22.05000000000001,4850.2,1803.8000000000002,1.1,140.8,3899.9,7.1000000000000005,139.6,42.5
Cassine_paniculata,16.9369,73.7933,22.750000000000057,10.3,0.5219999790191651,180.4,33.450000000000045,13.750000000000057,19.700000000000003,22.350000000000023,22.250000000000057,25.55000000000001,20.850000000000023,4330.1,1602.3000000000002,1.1,139.6,3454.0,7.0,124.5,41.0
Cassine_paniculata,16.937,73.793,22.750000000000057,10.3,0.5219999790191651,180.4,33.450000000000045,13.750000000000057,19.700000000000003,22.350000000000023,22.250000000000057,25.55000000000001,20.850000000000023,4330.1,1602.3000000000002,1.1,139.6,3454.0,7.0,124.5,41.0
Cassine_paniculata,16.94,73.793,22.750000000000057,10.3,0.5219999790191651,180.4,33.450000000000045,13.750000000000057,19.700000000000003,22.350000000000023,22.250000000000057,25.55000000000001,20.850000000000023,4330.1,1602.3000000000002,1.1,139.6,3454.0,7.0,124.5,41.0
Cassine_paniculata,16.9401,73.7929,22.750000000000057,10.3,0.5219999790191651,180.4,33.450000000000045,13.750000000000057,19.700000000000003,22.350000000000023,22.250000000000057,25.55000000000001,20.850000000000023,4330.1,1602.3000000000002,1.1,139.6,3454.0,7.0,124.5,41.0
Cassine_paniculata,16.946,73.806,23.450000000000045,10.3,0.5380000114440918,167.3,33.75000000000006,14.650000000000034,19.1,23.05000000000001,22.950000000000045,25.950000000000045,21.750000000000057,4293.6,1587.9,1.2000000000000002,139.4,3417.7000000000003,7.2,125.7,10.700000000000001
Cassine_paniculata,17.4405,73.7108,22.350000000000023,10.0,0.5230000019073486,173.20000000000002,32.55000000000001,13.450000000000045,19.1,22.05000000000001,21.750000000000057,24.850000000000023,20.350000000000023,4619.2,1739.0,0.6000000000000001,142.4,3733.8,7.5,112.80000000000001,46.900000000000006
Cassine_paniculata,17.7088,73.607,23.150000000000034,10.200000000000001,0.5309999942779541,174.4,33.35000000000002,14.250000000000057,19.1,22.950000000000045,22.450000000000045,25.650000000000034,21.150000000000034,5187.8,1947.9,0.5,143.9,4244.5,7.0,108.80000000000001,10.100000000000001
Cassine_paniculata,17.7117,73.6025,23.150000000000034,10.200000000000001,0.5309999942779541,174.4,33.35000000000002,14.250000000000057,19.1,22.950000000000045,22.450000000000045,25.650000000000034,21.150000000000034,5187.8,1947.9,0.5,143.9,4244.5,7.0,108.80000000000001,10.100000000000001
Cassine_paniculata,17.7356,73.5785,22.950000000000045,10.200000000000001,0.5219999790191651,181.10000000000002,33.35000000000002,13.850000000000023,19.5,22.750000000000057,22.250000000000057,25.55000000000001,20.850000000000023,5222.200000000001,1959.7,0.5,144.1,4279.0,6.7,105.9,9.8
